run_date,source_url
2026-09-05 15:31:51 UTC,https://chandra-asri.com/en/
2026-09-05 15:31:51 UTC,https://chandra-asri.com/en/governance/
2026-09-05 15:31:51 UTC,https://chandra-asri.com/en/sustainability/
2026-09-05 15:31:51 UTC,https://chandra-asri.com/en/sustainability/social/
2026-09-05 15:31:51 UTC,https://chandra-asri.com/en/sustainability/governance/
2026-09-05 15:31:51 UTC,https://chandra-asri.com/en/blog/renewable-energy-australia/
2026-09-05 15:31:51 UTC,https://chandra-asri.com/en/blog/vietnam-renewable-energy/
2026-09-05 15:31:51 UTC,https://chandra-asri.com/en/blog/indonesia-renewable-energy-potential/
2026-09-05 15:31:51 UTC,https://chandra-asri.com/en/blog/greenhouse-gas-emission/
2026-09-05 15:31:51 UTC,https://chandra-asri.com/en/blog/sustainable-infrastructure/
2026-09-05 15:31:51 UTC,https://chandra-asri.com/en/blog/plastic-waste-processing/
2026-09-05 15:31:51 UTC,https://chandra-asri.com/en/blog/circular-economy/
2026-09-05 15:31:51 UTC,https://chandra-asri.com/en/sustainability/sustainability-in-action/biodiversity-conservation-at-kehati-park-2024-2025/
2026-09-05 15:31:51 UTC,https://chandra-asri.com/en/sustainability/sustainability-in-action/perlindungan-keanekaragaman-hayati-di-taman-kehati-tahun-2024-2025/
2026-09-05 15:31:51 UTC,https://chandra-asri.com/en/about/who-we-are/
2026-09-05 15:31:51 UTC,https://chandra-asri.com/en/investor/
2026-09-05 15:31:51 UTC,https://chandra-asri.com/en/our-business/chemical-solutions/
2026-09-05 15:31:51 UTC,https://chandra-asri.com/en/governance/policy/
2026-09-05 15:31:51 UTC,https://chandra-asri.com/en/investor/reports/
2026-09-05 15:31:51 UTC,https://chandra-asri.com/en/about/management-and-structure/
2026-09-05 15:31:51 UTC,https://chandra-asri.com/en/blog/ekonomi-sirkular/
2026-09-05 15:31:51 UTC,https://chandra-asri.com/en/blog/chemical-supplier-in-thailand/
2026-09-05 15:31:51 UTC,https://chandra-asri.com/en/blog/floating-power-plants/
2026-09-05 15:31:51 UTC,https://chandra-asri.com/en/blog/alternative-energy-sources/
2026-09-05 15:31:51 UTC,https://chandra-asri.com/en/blog/how-to-stop-global-warming/
2026-09-05 15:31:51 UTC,https://chandra-asri.com/en/blog/plastic-asphalt/
2026-09-05 15:31:51 UTC,https://chandra-asri.com/
2026-09-05 15:31:51 UTC,https://chandra-asri.com/en/our-business/chemical-solutions/b1mtbe/
2026-09-05 15:31:51 UTC,https://chandra-asri.com/en/our-business/chemical-solutions/butadiene/
2026-09-05 15:31:51 UTC,https://chandra-asri.com/en/our-business/chemical-solutions/olefin/
2026-09-05 15:31:51 UTC,https://chandra-asri.com/en/our-business/chemical-solutions/polyolefins/
2026-09-05 15:31:51 UTC,https://chandra-asri.com/en/our-business/chemical-solutions/styrene-monomer/
2026-09-05 15:31:51 UTC,https://www.biontech.com/de/de/home/mediaroom/news/press-releases/2026/05/BioNTech-SE-Shareholders-Approve-All-Agenda-Items-at-the-Annual-General-Meeting-2026.html
2026-09-05 15:31:51 UTC,https://www.biontech.com/de/de/home/mediaroom/news/press-releases/2022/11/biontech-expands-global-footprint-acquiring-gmp-manufacturing.html
2026-09-05 15:31:51 UTC,https://www.biontech.com/de/de/home/mediaroom/news/press-releases/2022/06/voting-results-biontechs-annual-general-meeting-2022.html
2026-09-05 15:31:51 UTC,https://www.biontech.com/de/de/home/mediaroom/news/press-releases/2021/07/biontech-provides-update-plans-develop-sustainable-solutions.html
2026-09-05 15:31:51 UTC,https://www.biontech.com/de/de/home/mediaroom/news/press-releases/2021/05/biontech-publishes-first-sustainability-report-and-receives.html
2026-09-05 15:31:51 UTC,https://www.biontech.com/de/de/home/mediaroom/news/press-releases/2021/02/pfizer-and-biontech-publish-data-vitro-studies-nature-medicine.html
2026-09-05 15:31:51 UTC,https://www.biontech.com/de/de/home/mediaroom/news/statements/2026/08/Update-on-Divestment-of-JPT-Peptide-Technologies-GmbH-as-Part-of-BioNTech-s-Planned-Manufacturing-Footprint-Consolidation.html
2026-09-05 15:31:51 UTC,https://www.biontech.com/de/de/home/about/responsibility/sustainability-and-responsibility.html
2026-09-05 15:31:51 UTC,https://www.biontech.com/de/de/home/data-privacy-statement/local-data-privacy-statement-for-healthcare-interactions-with-tr.html
2026-09-05 15:31:51 UTC,https://www.biontech.com/int/en/home/mediaroom/news/press-releases/2026/05/BioNTech-SE-Shareholders-Approve-All-Agenda-Items-at-the-Annual-General-Meeting-2026.html
2026-09-05 15:31:51 UTC,https://www.biontech.com/int/en/home/mediaroom/news/press-releases/2025/09/first-disclosure-global-interim-phase-2-data-biontech.html
2026-09-05 15:31:51 UTC,https://www.biontech.com/int/en/home/mediaroom/news/press-releases/2022/11/biontech-expands-global-footprint-acquiring-gmp-manufacturing.html
2026-09-05 15:31:51 UTC,https://www.biontech.com/int/en/home/mediaroom/news/press-releases/2022/06/voting-results-biontechs-annual-general-meeting-2022.html
2026-09-05 15:31:51 UTC,https://www.biontech.com/int/en/home/mediaroom/news/press-releases/2021/07/biontech-provides-update-plans-develop-sustainable-solutions.html
2026-09-05 15:31:51 UTC,https://www.biontech.com/int/en/home/mediaroom/news/press-releases/2021/05/biontech-publishes-first-sustainability-report-and-receives.html
2026-09-05 15:31:51 UTC,https://www.biontech.com/int/en/home/mediaroom/news/press-releases/2021/02/pfizer-and-biontech-publish-data-vitro-studies-nature-medicine.html
2026-09-05 15:31:51 UTC,https://www.biontech.com/int/en/home/mediaroom/news/press-releases/2020/09/biontech-and-pfizer-announce-nature-publication-german-phase-12.html
2026-09-05 15:31:51 UTC,https://www.biontech.com/int/en/home/mediaroom/news/press-releases/2017/07/nature-publication-reports-favorable-clinical-trial-results.html
2026-09-05 15:31:51 UTC,https://www.biontech.com/int/en/home/mediaroom/news/press-releases/2017/06/nature-medicine-reports-elimination-large-tumors-mice-mrna.html
2026-09-05 15:31:51 UTC,https://www.biontech.com/int/en/home/mediaroom/news/press-releases/2016/06/nature-publication-describes-first-example-clinically-applicable.html
2026-09-05 15:31:51 UTC,https://www.biontech.com/int/en/home/mediaroom/news/press-releases/2015/04/nature-publication-breakthrough-development-cancer-immunology.html
2026-09-05 15:31:51 UTC,https://www.biontech.com/int/en/home/mediaroom/news/statements/2026/08/Update-on-Divestment-of-JPT-Peptide-Technologies-GmbH-as-Part-of-BioNTech-s-Planned-Manufacturing-Footprint-Consolidation.html
2026-09-05 15:31:51 UTC,https://www.biontech.com/int/en/home/about/responsibility/sustainability-and-responsibility.html
2026-09-05 15:31:51 UTC,https://www.biontech.com/int/en/home/data-privacy-statement/local-data-privacy-statement-for-healthcare-interactions-with-tr.html
2026-09-05 15:31:51 UTC,https://www.biontech.com/au/en/home/mediaroom/news/press-releases/2026/05/BioNTech-SE-Shareholders-Approve-All-Agenda-Items-at-the-Annual-General-Meeting-2026.html
2026-09-05 15:31:51 UTC,https://www.biontech.com/au/en/home/mediaroom/news/press-releases/2025/09/first-disclosure-global-interim-phase-2-data-biontech.html
2026-09-05 15:31:51 UTC,https://www.biontech.com/au/en/home/mediaroom/news/press-releases/2022/11/biontech-expands-global-footprint-acquiring-gmp-manufacturing.html
2026-09-05 15:31:51 UTC,https://www.biontech.com/au/en/home/mediaroom/news/press-releases/2022/06/voting-results-biontechs-annual-general-meeting-2022.html
2026-09-05 15:31:51 UTC,https://www.biontech.com/au/en/home/mediaroom/news/press-releases/2021/07/biontech-provides-update-plans-develop-sustainable-solutions.html
2026-09-05 15:31:51 UTC,https://www.biontech.com/au/en/home/mediaroom/news/press-releases/2021/05/biontech-publishes-first-sustainability-report-and-receives.html
2026-09-05 15:31:51 UTC,https://www.biontech.com/au/en/home/mediaroom/news/press-releases/2021/02/pfizer-and-biontech-publish-data-vitro-studies-nature-medicine.html
2026-09-05 15:31:51 UTC,https://www.biontech.com/au/en/home/mediaroom/news/press-releases/2020/09/biontech-and-pfizer-announce-nature-publication-german-phase-12.html
2026-09-05 15:31:51 UTC,https://www.biontech.com/au/en/home/mediaroom/news/press-releases/2017/07/nature-publication-reports-favorable-clinical-trial-results.html
2026-09-05 15:31:51 UTC,https://www.biontech.com/au/en/home/mediaroom/news/press-releases/2017/06/nature-medicine-reports-elimination-large-tumors-mice-mrna.html
2026-09-05 15:31:51 UTC,https://www.biontech.com/au/en/home/mediaroom/news/press-releases/2016/06/nature-publication-describes-first-example-clinically-applicable.html
2026-09-05 15:31:51 UTC,https://www.biontech.com/au/en/home/mediaroom/news/press-releases/2015/04/nature-publication-breakthrough-development-cancer-immunology.html
2026-09-05 15:31:51 UTC,https://www.biontech.com/au/en/home/mediaroom/news/statements/2026/08/Update-on-Divestment-of-JPT-Peptide-Technologies-GmbH-as-Part-of-BioNTech-s-Planned-Manufacturing-Footprint-Consolidation.html
2026-09-05 15:31:51 UTC,https://www.biontech.com/au/en/home/about/responsibility/sustainability-and-responsibility.html
2026-09-05 15:31:51 UTC,https://www.biontech.com/au/en/home/data-privacy-statement/local-data-privacy-statement-for-healthcare-interactions-with-tr.html
2026-09-05 15:31:51 UTC,https://www.biontech.com/us/en/home/mediaroom/news/press-releases/2026/05/BioNTech-SE-Shareholders-Approve-All-Agenda-Items-at-the-Annual-General-Meeting-2026.html
2026-09-05 15:31:51 UTC,https://www.biontech.com/us/en/home/mediaroom/news/press-releases/2025/09/first-disclosure-global-interim-phase-2-data-biontech.html
2026-09-05 15:31:51 UTC,https://www.biontech.com/us/en/home/mediaroom/news/press-releases/2022/11/biontech-expands-global-footprint-acquiring-gmp-manufacturing.html
2026-09-05 15:31:51 UTC,https://www.biontech.com/us/en/home/mediaroom/news/press-releases/2022/06/voting-results-biontechs-annual-general-meeting-2022.html
2026-09-05 15:31:51 UTC,https://www.biontech.com/us/en/home/mediaroom/news/press-releases/2021/07/biontech-provides-update-plans-develop-sustainable-solutions.html
2026-09-05 15:31:51 UTC,https://www.biontech.com/us/en/home/mediaroom/news/press-releases/2021/05/biontech-publishes-first-sustainability-report-and-receives.html
2026-09-05 15:31:51 UTC,https://www.biontech.com/us/en/home/mediaroom/news/press-releases/2021/02/pfizer-and-biontech-publish-data-vitro-studies-nature-medicine.html
2026-09-05 15:31:51 UTC,https://www.biontech.com/us/en/home/mediaroom/news/press-releases/2020/09/biontech-and-pfizer-announce-nature-publication-german-phase-12.html
2026-09-05 15:31:51 UTC,https://www.biontech.com/us/en/home/mediaroom/news/press-releases/2017/07/nature-publication-reports-favorable-clinical-trial-results.html
2026-09-05 15:31:51 UTC,https://www.biontech.com/us/en/home/mediaroom/news/press-releases/2017/06/nature-medicine-reports-elimination-large-tumors-mice-mrna.html
2026-09-05 15:31:51 UTC,https://www.biontech.com/us/en/home/mediaroom/news/press-releases/2016/06/nature-publication-describes-first-example-clinically-applicable.html
2026-09-05 15:31:51 UTC,https://www.biontech.com/us/en/home/mediaroom/news/press-releases/2015/04/nature-publication-breakthrough-development-cancer-immunology.html
2026-09-05 15:31:51 UTC,https://www.biontech.com/us/en/home/mediaroom/news/statements/2026/08/Update-on-Divestment-of-JPT-Peptide-Technologies-GmbH-as-Part-of-BioNTech-s-Planned-Manufacturing-Footprint-Consolidation.html
2026-09-05 15:31:51 UTC,https://www.biontech.com/us/en/home/about/responsibility/sustainability-and-responsibility.html
2026-09-05 15:31:51 UTC,https://www.biontech.com/us/en/home/data-privacy-statement/local-data-privacy-statement-for-healthcare-interactions-with-tr.html
2026-09-05 15:31:51 UTC,https://www.biontech.com/de/de/home/about.html
2026-09-05 15:31:51 UTC,https://www.biontech.com/de/de/home/general-conditions-of-purchase.html
2026-09-05 15:31:51 UTC,https://www.biontech.com/de/de/home/mediaroom.html
2026-09-05 15:31:51 UTC,https://www.biontech.com/de/de/home/pipeline-and-products.html
2026-09-05 15:31:51 UTC,https://www.biontech.com/de/de/home/pipeline-and-products/pipeline.html
2026-09-05 15:31:51 UTC,https://www.biontech.com/int/en/home/about.html
2026-09-05 15:31:51 UTC,https://www.biontech.com/int/en/home/general-conditions-of-purchase.html
2026-09-05 15:31:51 UTC,https://www.biontech.com/int/en/home/media.html
2026-09-05 15:31:51 UTC,https://www.biontech.com/int/en/home/mediaroom.html
2026-09-05 15:31:51 UTC,https://www.biontech.com/covid-19.html
2026-09-05 15:31:51 UTC,https://www.biontech.com/covid-19/atemwegserkrankungen.html
2026-09-05 15:31:51 UTC,https://www.biontech.com/covid-19/risikogruppen.html
2026-09-05 15:31:51 UTC,https://www.biontech.com/covid-19/service.html
2026-09-05 15:31:51 UTC,https://www.biontech.com/covid-19/vorbeugung.html
2026-09-05 15:31:51 UTC,https://clinicaltrials.biontech.com/our-commitment/
2026-09-05 15:31:51 UTC,https://www.biontech.com/au/en/home/about.html
2026-09-05 15:31:51 UTC,https://www.biontech.com/au/en/home/general-conditions-of-purchase.html
2026-09-05 15:31:51 UTC,https://www.biontech.com/au/en/home/mediaroom.html
2026-09-05 15:31:51 UTC,https://www.biontech.com/au/en/home/pipeline-and-products.html
2026-09-05 15:31:51 UTC,https://www.biontech.com/au/en/home/pipeline-and-products/pipeline.html
2026-09-05 15:31:51 UTC,https://www.biontech.com/au/en/home/research-and-innovation.html
2026-09-05 15:31:51 UTC,https://www.biontech.com/au/en/home/supplier.html
2026-09-05 15:31:51 UTC,https://www.biontech.com/au/en/home/media.html
2026-09-05 15:31:51 UTC,https://www.biontech.com/us/en/home/about.html
2026-09-05 15:31:51 UTC,https://www.biontech.com/us/en/home/general-conditions-of-purchase.html
2026-09-05 15:31:51 UTC,https://www.biontech.com/us/en/home/mediaroom.html
2026-09-05 15:31:51 UTC,https://www.biontech.com/us/en/home/pipeline-and-products.html
2026-09-05 15:31:51 UTC,https://www.biontech.com/us/en/home/pipeline-and-products/pipeline.html
2026-09-05 15:31:51 UTC,https://www.biontech.com/us/en/home/supplier.html
2026-09-05 15:31:51 UTC,https://biontech.com/us/en/home/general-conditions-of-purchase.html
2026-09-05 15:31:51 UTC,https://www.biontech.com/covid-19/risikogruppen/risikofaktor-alter.html
2026-09-05 15:31:51 UTC,https://www.biontech.com/covid-19/risikogruppen/risikofaktor-chronische-atemwegserkrankungen.html
2026-09-05 15:31:51 UTC,https://www.biontech.com/covid-19/risikogruppen/risikofaktor-chronische-leber-und-nierenerkrankungen.html
2026-09-05 15:31:51 UTC,https://www.biontech.com/covid-19/risikogruppen/risikofaktor-diabetes.html
2026-09-05 15:31:51 UTC,https://www.biontech.com/covid-19/risikogruppen/risikofaktor-neurologische-erkrankungen.html
2026-09-05 15:31:51 UTC,https://www.biontech.com/covid-19/risikogruppen/risikofaktor-herz-kreislauf-erkrankungen.html
2026-09-05 15:31:51 UTC,https://community.fico.com/s/fico-platform/
2026-09-05 15:31:51 UTC,https://quantaservices.com/diversity-inclusion/
2026-09-05 15:31:51 UTC,https://investors.quantaservices.com/
2026-09-05 15:31:51 UTC,https://www.quantaservices.com/diversity-inclusion/
2026-09-05 15:31:51 UTC,https://sustainability.quantaservices.com/metrics-reports/
2026-09-05 15:31:51 UTC,https://sustainability.quantaservices.com/
2026-09-05 15:31:51 UTC,https://investors.quantaservices.com/company-information/presentations/
2026-09-05 15:31:51 UTC,https://investors.quantaservices.com/corporate-governance/
2026-09-05 15:31:51 UTC,https://investors.quantaservices.com/corporate-governance/board-committees/
2026-09-05 15:31:51 UTC,https://investors.quantaservices.com/corporate-governance/governance-documents/
2026-09-05 15:31:51 UTC,https://investors.quantaservices.com/corporate-governance/political-activity/
2026-09-05 15:31:51 UTC,https://investors.quantaservices.com/corporate-governance/sustainability/
2026-09-05 15:31:51 UTC,https://investors.quantaservices.com/financial-information/
2026-09-05 15:31:51 UTC,https://investors.quantaservices.com/financial-information/annual-reports/
2026-09-05 15:31:51 UTC,https://investors.quantaservices.com/financial-information/non-gaap-information/
2026-09-05 15:31:51 UTC,https://investors.quantaservices.com/sec-filings/10-k-annual-reports/
2026-09-05 15:31:51 UTC,https://investors.quantaservices.com/news-events/press-releases/detail/401/quanta-services-named-2026-top-u-s-solar-solutions-provider-by-solar-power-world/
2026-09-05 15:31:51 UTC,https://sustainability.quantaservices.com/a-message-from-our-ceo/
2026-09-05 15:31:51 UTC,https://investors.quantaservices.com/corporate-governance/sustainability/rss/
2026-09-05 15:31:51 UTC,https://investors.quantaservices.com/sec-filings/10-k-annual-reports/?year=2026
2026-09-05 15:31:51 UTC,https://investors.quantaservices.com/sec-filings/10-k-annual-reports/?year=2025
2026-09-05 15:31:51 UTC,https://investors.quantaservices.com/sec-filings/10-k-annual-reports/?year=2024
2026-09-05 15:31:51 UTC,https://investors.quantaservices.com/sec-filings/10-k-annual-reports/?year=2023
2026-09-05 15:31:51 UTC,https://www.dollargeneral.com/hereforwhatmatters/community/
2026-09-05 15:31:51 UTC,https://www.dollargeneral.com/about-us/corporate-social-responsibility/
2026-09-05 15:31:51 UTC,https://www.apollo.com/
2026-09-05 15:31:51 UTC,https://www.apollo.com/aboutus/awards/2025/09/apollo-named-sustainable-investor-of-the-year/
2026-09-05 15:31:51 UTC,https://www.apollo.com/wealth/strategies/asset-management/equity/secondaries/
2026-09-05 15:31:51 UTC,https://www.apollo.com/wealth/insights-news/pressreleases/2021/01/apollo-announces-review-of-significant-governance-enhancements-as-part-of-continued-evolution-and-institutionalization-of-the-firm-and-leadership-transition-211534651/
2026-09-05 15:31:51 UTC,https://www.apollo.com/impact/transparency-reporting/
2026-09-05 15:31:51 UTC,https://ir.apollo.com/
2026-09-05 15:31:51 UTC,https://www.apollo.com/impact/the-apollo-opportunity-foundation/
2026-09-05 15:31:51 UTC,https://www.apollo.com/jp/ja/homepage/
2026-09-05 15:31:51 UTC,https://go1.apollo.com/preferences/
2026-09-05 15:31:51 UTC,https://www.apollo.com/institutional/governance/disclosures/
2026-09-05 15:31:51 UTC,https://www.apollo.com/governance/disclosures/saudi-arabia-overview-ar/
2026-09-05 15:31:51 UTC,https://www.apollo.com/institutional/governance/disclosures/european-overview/
2026-09-05 15:31:51 UTC,https://ir.apollo.com/corporate-governance/committees-documents/
2026-09-05 15:31:51 UTC,https://ir.apollo.com/sustainability/
2026-09-05 15:31:51 UTC,https://www.apollo.com/site-services/global-disclosures/
2026-09-05 15:31:51 UTC,https://ir.apollo.com/news-events/press-releases/detail/639/apollo-funds-acquire-maverick-water-group/
2026-09-05 15:31:51 UTC,http://www.iq.com.qa/
2026-09-05 15:31:51 UTC,https://www.iq.com.qa/en/investor-relations/agm-information/
2026-09-05 15:31:51 UTC,https://www.iq.com.qa/en/investor-relations/governance-materials/
2026-09-05 15:31:51 UTC,https://www.iq.com.qa/en/privacy-policy/
2026-09-05 15:31:51 UTC,https://www.iq.com.qa/en/sustainability/
2026-09-05 15:31:51 UTC,https://www.iq.com.qa/en/
2026-09-05 15:31:51 UTC,https://www.iq.com.qa/en/about-iq/
2026-09-05 15:31:51 UTC,https://www.iq.com.qa/en/about-iq/board-of-directors/
2026-09-05 15:31:51 UTC,https://www.iq.com.qa/en/about-iq/frequently-asked-questions/
2026-09-05 15:31:51 UTC,https://www.iq.com.qa/en/about-iq/iq-group-companies/
2026-09-05 15:31:51 UTC,https://www.iq.com.qa/en/about-iq/iq-group-companies/fertiliser/qatar-fertiliser-company-qafco/
2026-09-05 15:31:51 UTC,https://www.iq.com.qa/en/about-iq/iq-group-companies/petrochemicals/qatar-fuel-additives-company-limited-qafac/
2026-09-05 15:31:51 UTC,https://www.iq.com.qa/en/about-iq/iq-group-companies/petrochemicals/qatar-petrochemical-company-qapco/
2026-09-05 15:31:51 UTC,https://www.iq.com.qa/en/about-iq/iq-group-companies/steel/qatar-steel-company/
2026-09-05 15:31:51 UTC,https://www.iq.com.qa/en/about-iq/iq-history/
2026-09-05 15:31:51 UTC,https://www.iq.com.qa/en/about-iq/iq-mission-statement/
2026-09-05 15:31:51 UTC,https://www.iq.com.qa/en/about-iq/iq-vision/
2026-09-05 15:31:51 UTC,https://www.iq.com.qa/en/about-iq/useful-links/
2026-09-05 15:31:51 UTC,https://www.iq.com.qa/en/investor-relations/
2026-09-05 15:31:51 UTC,https://www.iq.com.qa/en/investor-relations/company-announcements/
2026-09-05 15:31:51 UTC,https://www.iq.com.qa/en/investor-relations/financial-information/
2026-09-05 15:31:51 UTC,https://www.iq.com.qa/en/investor-relations/iq-at-a-glance/
2026-09-05 15:31:51 UTC,https://www.iq.com.qa/en/investor-relations/notice-to-the-shareholder/
2026-09-05 15:31:51 UTC,http://www.qatarsteel.com.qa/
2026-09-05 15:31:51 UTC,https://www.iq.com.qa/
2026-09-05 15:31:51 UTC,https://www.iq.com.qa/ar/
2026-09-05 15:31:51 UTC,https://www.qe.com.qa/
2026-09-05 15:31:51 UTC,https://www.iq.com.qa/ar/investor-relations/agm-information/
2026-09-05 15:31:51 UTC,https://www.iq.com.qa/ar/investor-relations/governance-materials/
2026-09-05 15:31:51 UTC,https://www.iq.com.qa/ar/privacy-policy/
2026-09-05 15:31:51 UTC,https://www.iq.com.qa/ar/sustainability/
2026-09-05 15:31:51 UTC,https://www.iq.com.qa/en/sustainability/refer-to-2020-sustainability-report/
2026-09-05 15:31:51 UTC,https://www.iq.com.qa/en/sustainability/refer-to-2021-sustainability-report/
2026-09-05 15:31:51 UTC,https://www.iq.com.qa/ar/about-iq/
2026-09-05 15:31:51 UTC,https://www.iq.com.qa/ar/about-iq/board-of-directors/
2026-09-05 15:31:51 UTC,https://www.iq.com.qa/ar/about-iq/frequently-asked-questions/
2026-09-05 15:31:51 UTC,https://www.iq.com.qa/ar/about-iq/iq-group-companies/
2026-09-05 15:31:51 UTC,https://www.iq.com.qa/ar/about-iq/iq-history/
2026-09-05 15:31:51 UTC,https://www.iq.com.qa/ar/about-iq/iq-mission-statement/
2026-09-05 15:31:51 UTC,https://www.iq.com.qa/ar/about-iq/iq-vision/
2026-09-05 15:31:51 UTC,https://www.iq.com.qa/ar/about-iq/useful-links/
2026-09-05 15:31:51 UTC,https://www.iq.com.qa/ar/investor-relations/
2026-09-05 15:31:51 UTC,https://www.iq.com.qa/ar/investor-relations/company-announcements/
2026-09-05 15:31:51 UTC,https://www.iq.com.qa/ar/investor-relations/financial-information/
2026-09-05 15:31:51 UTC,https://www.iq.com.qa/ar/investor-relations/iq-at-a-glance/
2026-09-05 15:31:51 UTC,https://www.iq.com.qa/ar/investor-relations/notice-to-shareholders/
2026-09-05 15:31:51 UTC,https://www.iq.com.qa/ar/sustainability/refer-to-2020-sustainability-report/
2026-09-05 15:31:51 UTC,https://www.iq.com.qa/ar/sustainability/refer-to-2021-sustainability-report/
2026-09-05 15:31:51 UTC,https://www.iq.com.qa/en/about-iq/board-of-directors/dr-mohammed-yousef-al-mulla/
2026-09-05 15:31:51 UTC,https://www.iq.com.qa/en/about-iq/board-of-directors/h-e-ahmed-bin-ali-al-hammadi/
2026-09-05 15:31:51 UTC,https://www.iq.com.qa/en/about-iq/board-of-directors/his-excellency-mr-saad-sherida-al-kaabi/
2026-09-05 15:31:51 UTC,https://www.iq.com.qa/en/about-iq/board-of-directors/mr-abdulaziz-mohammed-al-mannai/
2026-09-05 15:31:51 UTC,https://www.iq.com.qa/en/about-iq/board-of-directors/mr-abdulla-ahmad-al-hussaini/
2026-09-05 15:31:51 UTC,https://www.iq.com.qa/en/about-iq/board-of-directors/mr-abdulrahman-ali-al-abdulla/
2026-09-05 15:31:51 UTC,https://www.iq.com.qa/en/about-iq/board-of-directors/mr-ahmed-helal-al-mohannadi/
2026-09-05 15:31:51 UTC,https://www.iq.com.qa/en/about-iq/board-of-directors/sheikh-khalid-bin-abdullah-al-thani/
2026-09-05 15:31:51 UTC,http://www.qe.com.qa/
2026-09-05 15:31:51 UTC,https://www.iq.com.qa/ar/about-iq/iq-group-companies/fertiliser/qatar-fertiliser-company-qafco/
2026-09-05 15:31:51 UTC,https://www.iq.com.qa/ar/about-iq/iq-group-companies/petrochemicals/qatar-fuel-additives-company-limited-qafac/
2026-09-05 15:31:51 UTC,https://www.iq.com.qa/ar/about-iq/iq-group-companies/petrochemicals/qatar-petrochemical-company-qapco/
2026-09-05 15:31:51 UTC,https://www.iq.com.qa/ar/about-iq/iq-group-companies/steel/qatar-steel-company/
2026-09-05 15:31:51 UTC,http://www.qp.com.qa/
2026-09-05 15:31:51 UTC,http://www.qcsd.com.qa/
2026-09-05 15:31:51 UTC,https://www.iq.com.qa/ar/about-iq/board-of-directors/dr-mohammed-yousef-al-mulla/
2026-09-05 15:31:51 UTC,https://www.iq.com.qa/ar/about-iq/board-of-directors/h-e-ahmed-bin-ali-al-hammadi/
2026-09-05 15:31:51 UTC,https://www.iq.com.qa/ar/about-iq/board-of-directors/his-excellency-mr-saad-sherida-al-kaabi/
2026-09-05 15:31:51 UTC,https://www.iq.com.qa/ar/about-iq/board-of-directors/mr-abdulaziz-mohammed-al-mannai/
2026-09-05 15:31:51 UTC,https://www.iq.com.qa/ar/about-iq/board-of-directors/mr-abdulla-ahmad-al-hussaini/
2026-09-05 15:31:51 UTC,https://www.iq.com.qa/ar/about-iq/board-of-directors/mr-abdulrahman-ali-al-abdulla/
2026-09-05 15:31:51 UTC,https://www.iq.com.qa/ar/about-iq/board-of-directors/mr-ahmed-hilal-al-mohannadi/
2026-09-05 15:31:51 UTC,https://www.iq.com.qa/ar/about-iq/board-of-directors/sheikh-khalid-bin-abdullah-al-thani/
2026-09-05 15:31:51 UTC,https://www.qe.com.qa/disclosure-resources/
2026-09-05 15:31:51 UTC,https://www.qe.com.qa/privacy-policy/
2026-09-05 15:31:51 UTC,https://www.qe.com.qa/profit-/-loss-statements/
2026-09-05 15:31:51 UTC,https://www.qe.com.qa/q-disclosure/
2026-09-05 15:31:51 UTC,https://www.qe.com.qa/sustainability-esg/
2026-09-05 15:31:51 UTC,https://www.qe.com.qa/data-policy/
2026-09-05 15:31:51 UTC,https://www.qe.com.qa/publications1/
2026-09-05 15:31:51 UTC,https://www.qe.com.qa/qe-publications/
2026-09-05 15:31:51 UTC,https://www.qe.com.qa/statistical-reports/
2026-09-05 15:31:51 UTC,https://www.qe.com.qa/investor-relations/
2026-09-05 15:31:51 UTC,https://www.qe.com.qa/investors-guide/
2026-09-05 15:31:51 UTC,https://www.qe.com.qa/2-factor-authentication/
2026-09-05 15:31:51 UTC,https://www.qe.com.qa/agms/
2026-09-05 15:31:51 UTC,https://www.qe.com.qa/boards-nominations/
2026-09-05 15:31:51 UTC,http://www.qatarsteel.com.qa/index.php
2026-09-05 15:31:51 UTC,https://www.iq.com.qa/ar/investor-relations/iq-at-a-glance/fact-sheet/
2026-09-05 15:31:51 UTC,https://www.qe.com.qa/ar/annual-report/
2026-09-05 15:31:51 UTC,https://www.qe.com.qa/ar/disclosure-resources/
2026-09-05 15:31:51 UTC,https://www.qe.com.qa/ar/q-disclosure/
2026-09-05 15:31:51 UTC,https://www.qe.com.qa/ar/sustainability-esg/
2026-09-05 15:31:51 UTC,https://www.qe.com.qa/ar/data-policy/
2026-09-05 15:31:51 UTC,https://www.qe.com.qa/ar/publications1/
2026-09-05 15:31:51 UTC,https://www.qe.com.qa/ar/qe-publications/
2026-09-05 15:31:51 UTC,https://www.qe.com.qa/ar/statistical-reports/
2026-09-05 15:31:51 UTC,https://www.qe.com.qa/ar/investor-relations/
2026-09-05 15:31:51 UTC,https://www.qe.com.qa/ar/investors-guide/
2026-09-05 15:31:51 UTC,https://www.qe.com.qa/ar/2-factor-authentication/
2026-09-05 15:31:51 UTC,https://www.qe.com.qa/ar/agms/
2026-09-05 15:31:51 UTC,https://www.qe.com.qa/ar/boards-nominations/
2026-09-05 15:31:51 UTC,https://www.qe.com.qa/ar/sustainability-and-esg/
2026-09-05 15:31:51 UTC,https://www.iq.com.qa/en/investor-relations/iq-at-a-glance/fact-sheet/
2026-09-05 15:31:51 UTC,https://www.qatarsteel.com.qa/?p=5060
2026-09-05 15:31:51 UTC,https://www.qatarsteel.com.qa/creating-a-balanced-ecosystem/responsible-sourcing-and-material-consumption/
2026-09-05 15:31:51 UTC,https://www.qatarsteel.com.qa/practice-good-governance/accountability-and-ethics/
2026-09-05 15:31:51 UTC,https://www.qatarsteel.com.qa/publications/integrated-reports/
2026-09-05 15:31:51 UTC,https://www.qatarsteel.com.qa/publications/sustainability-reports/
2026-09-05 15:31:51 UTC,https://www.qatarsteel.com.qa/qatar-steel-company-fze-dubai-uae/code-of-ethics-and-business-conducts/
2026-09-05 15:31:51 UTC,https://www.qatarsteel.com.qa/qatar-steel-company-fze-dubai-uae/materiality-maturity-assessment/
2026-09-05 15:31:51 UTC,https://www.qatarsteel.com.qa/publications/annual-performance/
2026-09-05 15:31:51 UTC,https://www.qatarsteel.com.qa/publications/qatar-steel-magazine/
2026-09-05 15:31:51 UTC,https://www.qatarsteel.com.qa/
2026-09-05 15:31:51 UTC,https://www.qatarsteel.com.qa/our-sustainability-approach/6685-2/
2026-09-05 15:31:51 UTC,https://www.qe.com.qa/ar/
2026-09-05 15:31:51 UTC,https://iq.com.qa/
2026-09-05 15:31:51 UTC,https://www.qcoat.com.qa/?p=3350
2026-09-05 15:31:51 UTC,https://www.qcoat.com.qa/q-coat-product-range/certification/
2026-09-05 15:31:51 UTC,https://www.qcsd.com.qa/ar/reports-regulations/about-edaa/overview/
2026-09-05 15:31:51 UTC,https://www.qcsd.com.qa/ar/reports-regulations/about-edaa/rules-regulations/
2026-09-05 15:31:51 UTC,https://www.qcsd.com.qa/ar/reports-regulations/publications/statistical-report/
2026-09-05 15:31:51 UTC,https://www.qcsd.com.qa/reports-regulations/publications/statistical-report/
2026-09-05 15:31:51 UTC,https://www.qcsd.com.qa/
2026-09-05 15:31:51 UTC,https://www.qcsd.com.qa/ar/
2026-09-05 15:31:51 UTC,https://www.qcsd.com.qa/ar/%D8%A7%D9%84%D9%86%D9%85%D8%A7%D8%B0%D8%AC/
2026-09-05 15:31:51 UTC,https://www.qcsd.com.qa/ar/appointment/
2026-09-05 15:31:51 UTC,https://www.qcsd.com.qa/ar/reports-regulations/about-edaa/overview/?page=
2026-09-05 15:31:51 UTC,https://www.qcsd.com.qa/ar/reports-regulations/about-edaa/rules-regulations/?page=
2026-09-05 15:31:51 UTC,https://www.qcsd.com.qa/en/reports-regulations/about-edaa/rules-regulations/
2026-09-05 15:31:51 UTC,https://www.qcsd.com.qa/ar/reports-regulations/publications/statistical-report/?page=
2026-09-05 15:31:51 UTC,https://www.qcsd.com.qa/en/reports-regulations/publications/statistical-report/
2026-09-05 15:31:51 UTC,https://www.qcsd.com.qa/en/
2026-09-05 15:31:51 UTC,https://www.qcsd.com.qa/en/customer_services/
2026-09-05 15:31:51 UTC,http://www.mphc.com.qa/
2026-09-05 15:31:51 UTC,https://www.rloc.com.qa/App_Pages/Products/Pygas.aspx
2026-09-05 15:31:51 UTC,https://www.rloc.com.qa/App_Pages/Products/pygas.aspx
2026-09-05 15:31:51 UTC,https://iq.com.qa/en/investor-relations/agm-information/
2026-09-05 15:31:51 UTC,https://iq.com.qa/en/investor-relations/governance-materials/
2026-09-05 15:31:51 UTC,https://iq.com.qa/en/privacy-policy/
2026-09-05 15:31:51 UTC,https://iq.com.qa/en/sustainability/
2026-09-05 15:31:51 UTC,https://iq.com.qa/en/
2026-09-05 15:31:51 UTC,https://iq.com.qa/en/about-iq/
2026-09-05 15:31:51 UTC,https://iq.com.qa/en/about-iq/board-of-directors/
2026-09-05 15:31:51 UTC,https://iq.com.qa/en/about-iq/frequently-asked-questions/
2026-09-05 15:31:51 UTC,https://iq.com.qa/en/about-iq/iq-group-companies/
2026-09-05 15:31:51 UTC,https://iq.com.qa/en/about-iq/iq-group-companies/fertiliser/qatar-fertiliser-company-qafco/
2026-09-05 15:31:51 UTC,https://iq.com.qa/en/about-iq/iq-group-companies/petrochemicals/qatar-fuel-additives-company-limited-qafac/
2026-09-05 15:31:51 UTC,https://iq.com.qa/en/about-iq/iq-group-companies/petrochemicals/qatar-petrochemical-company-qapco/
2026-09-05 15:31:51 UTC,https://iq.com.qa/en/about-iq/iq-group-companies/steel/qatar-steel-company/
2026-09-05 15:31:51 UTC,https://iq.com.qa/en/about-iq/iq-history/
2026-09-05 15:31:51 UTC,https://iq.com.qa/en/about-iq/iq-mission-statement/
2026-09-05 15:31:51 UTC,https://iq.com.qa/en/about-iq/iq-vision/
2026-09-05 15:31:51 UTC,https://iq.com.qa/en/about-iq/useful-links/
2026-09-05 15:31:51 UTC,https://iq.com.qa/en/investor-relations/
2026-09-05 15:31:51 UTC,https://iq.com.qa/en/investor-relations/company-announcements/
2026-09-05 15:31:51 UTC,https://iq.com.qa/en/investor-relations/financial-information/
2026-09-05 15:31:51 UTC,https://iq.com.qa/en/investor-relations/iq-at-a-glance/
2026-09-05 15:31:51 UTC,https://iq.com.qa/en/investor-relations/notice-to-the-shareholder/
2026-09-05 15:31:51 UTC,https://iq.com.qa/ar/
2026-09-05 15:31:51 UTC,https://iq.com.qa/ar/investor-relations/agm-information/
2026-09-05 15:31:51 UTC,https://iq.com.qa/ar/investor-relations/governance-materials/
2026-09-05 15:31:51 UTC,https://iq.com.qa/ar/privacy-policy/
2026-09-05 15:31:51 UTC,https://iq.com.qa/ar/sustainability/
2026-09-05 15:31:51 UTC,https://iq.com.qa/en/sustainability/refer-to-2020-sustainability-report/
2026-09-05 15:31:51 UTC,https://iq.com.qa/en/sustainability/refer-to-2021-sustainability-report/
2026-09-05 15:31:51 UTC,https://iq.com.qa/ar/about-iq/
2026-09-05 15:31:51 UTC,https://iq.com.qa/ar/about-iq/board-of-directors/
2026-09-05 15:31:51 UTC,https://iq.com.qa/ar/about-iq/frequently-asked-questions/
2026-09-05 15:31:51 UTC,https://iq.com.qa/ar/about-iq/iq-group-companies/
2026-09-05 15:31:51 UTC,https://iq.com.qa/ar/about-iq/iq-history/
2026-09-05 15:31:51 UTC,https://iq.com.qa/ar/about-iq/iq-mission-statement/
2026-09-05 15:31:51 UTC,https://iq.com.qa/ar/about-iq/iq-vision/
2026-09-05 15:31:51 UTC,https://iq.com.qa/ar/about-iq/useful-links/
2026-09-05 15:31:51 UTC,https://iq.com.qa/ar/investor-relations/
2026-09-05 15:31:51 UTC,https://iq.com.qa/ar/investor-relations/company-announcements/
2026-09-05 15:31:51 UTC,https://iq.com.qa/ar/investor-relations/financial-information/
2026-09-05 15:31:51 UTC,https://iq.com.qa/ar/investor-relations/iq-at-a-glance/
2026-09-05 15:31:51 UTC,https://iq.com.qa/ar/investor-relations/notice-to-shareholders/
2026-09-05 15:31:51 UTC,https://iq.com.qa/ar/sustainability/refer-to-2020-sustainability-report/
2026-09-05 15:31:51 UTC,https://iq.com.qa/ar/sustainability/refer-to-2021-sustainability-report/
2026-09-05 15:31:51 UTC,https://iq.com.qa/en/about-iq/board-of-directors/dr-mohammed-yousef-al-mulla/
2026-09-05 15:31:51 UTC,https://iq.com.qa/en/about-iq/board-of-directors/h-e-ahmed-bin-ali-al-hammadi/
2026-09-05 15:31:51 UTC,https://iq.com.qa/en/about-iq/board-of-directors/his-excellency-mr-saad-sherida-al-kaabi/
2026-09-05 15:31:51 UTC,https://iq.com.qa/en/about-iq/board-of-directors/mr-abdulaziz-mohammed-al-mannai/
2026-09-05 15:31:51 UTC,https://iq.com.qa/en/about-iq/board-of-directors/mr-abdulla-ahmad-al-hussaini/
2026-09-05 15:31:51 UTC,https://iq.com.qa/en/about-iq/board-of-directors/mr-abdulrahman-ali-al-abdulla/
2026-09-05 15:31:51 UTC,https://iq.com.qa/en/about-iq/board-of-directors/mr-ahmed-helal-al-mohannadi/
2026-09-05 15:31:51 UTC,https://iq.com.qa/en/about-iq/board-of-directors/sheikh-khalid-bin-abdullah-al-thani/
2026-09-05 15:31:51 UTC,https://iq.com.qa/ar/about-iq/iq-group-companies/fertiliser/qatar-fertiliser-company-qafco/
2026-09-05 15:31:51 UTC,https://iq.com.qa/ar/about-iq/iq-group-companies/petrochemicals/qatar-fuel-additives-company-limited-qafac/
2026-09-05 15:31:51 UTC,https://iq.com.qa/ar/about-iq/iq-group-companies/petrochemicals/qatar-petrochemical-company-qapco/
2026-09-05 15:31:51 UTC,https://iq.com.qa/ar/about-iq/iq-group-companies/steel/qatar-steel-company/
2026-09-05 15:31:51 UTC,https://iq.com.qa/ar/about-iq/board-of-directors/dr-mohammed-yousef-al-mulla/
2026-09-05 15:31:51 UTC,https://iq.com.qa/ar/about-iq/board-of-directors/h-e-ahmed-bin-ali-al-hammadi/
2026-09-05 15:31:51 UTC,https://iq.com.qa/ar/about-iq/board-of-directors/his-excellency-mr-saad-sherida-al-kaabi/
2026-09-05 15:31:51 UTC,https://iq.com.qa/ar/about-iq/board-of-directors/mr-abdulaziz-mohammed-al-mannai/
2026-09-05 15:31:51 UTC,https://iq.com.qa/ar/about-iq/board-of-directors/mr-abdulla-ahmad-al-hussaini/
2026-09-05 15:31:51 UTC,https://iq.com.qa/ar/about-iq/board-of-directors/mr-abdulrahman-ali-al-abdulla/
2026-09-05 15:31:51 UTC,https://iq.com.qa/ar/about-iq/board-of-directors/mr-ahmed-hilal-al-mohannadi/
2026-09-05 15:31:51 UTC,https://iq.com.qa/ar/about-iq/board-of-directors/sheikh-khalid-bin-abdullah-al-thani/
2026-09-05 15:31:51 UTC,https://iq.com.qa/ar/investor-relations/iq-at-a-glance/fact-sheet/
2026-09-05 15:31:51 UTC,https://iq.com.qa/en/investor-relations/iq-at-a-glance/fact-sheet/
2026-09-05 15:31:51 UTC,https://www.qcsd.com.qa/ar/%D8%A7%D9%84%D9%86%D9%85%D8%A7%D8%B0%D8%AC/?page=
2026-09-05 15:31:51 UTC,https://www.mphc.com.qa/en/investor-relations/agm-information/
2026-09-05 15:31:51 UTC,https://www.mphc.com.qa/en/investor-relations/governance-materials/
2026-09-05 15:31:51 UTC,https://www.mphc.com.qa/en/sustainability/
2026-09-05 15:31:51 UTC,https://www.mphc.com.qa/en/
2026-09-05 15:31:51 UTC,https://www.mphc.com.qa/en/investor-relations/
2026-09-05 15:31:51 UTC,https://www.mphc.com.qa/en/investor-relations/financial-information/
2026-09-05 15:31:51 UTC,https://www.mphc.com.qa/en/investor-relations/notice-to-shareholders/
2026-09-05 15:31:51 UTC,https://www.mphc.com.qa/
2026-09-05 15:31:51 UTC,https://www.mphc.com.qa/ar/
2026-09-05 15:31:51 UTC,https://www.mphc.com.qa/ar/investor-relations/agm-information/
2026-09-05 15:31:51 UTC,https://www.mphc.com.qa/ar/investor-relations/governance-materials/
2026-09-05 15:31:51 UTC,https://www.mphc.com.qa/ar/sustainability/
2026-09-05 15:31:51 UTC,https://www.mphc.com.qa/en/sustainability/2020-sustainability-report/
2026-09-05 15:31:51 UTC,https://www.mphc.com.qa/en/sustainability/refer-to-2021-sustainability-report/
2026-09-05 15:31:51 UTC,https://www.mphc.com.qa/en/sustainability/refer-to-2022-2023-sustainability-report/
2026-09-05 15:31:51 UTC,https://www.mphc.com.qa/ar/investor-relations/
2026-09-05 15:31:51 UTC,https://www.mphc.com.qa/ar/investor-relations/financial-information/
2026-09-05 15:31:51 UTC,https://www.mphc.com.qa/ar/investor-relations/notice-to-shareholders/
2026-09-05 15:31:51 UTC,https://www.mphc.com.qa/ar/sustainability/2020-sustainability-report/
2026-09-05 15:31:51 UTC,https://www.mphc.com.qa/ar/sustainability/refer-to-2021-sustainability-report/
2026-09-05 15:31:51 UTC,https://www.mphc.com.qa/ar/sustainability/refer-to-2022-2023-sustainability-report/
2026-09-05 15:31:51 UTC,https://www.qcsd.com.qa/ar/customer_services/
2026-09-05 15:31:51 UTC,https://www.qcsd.com.qa/ar/privacypolicy/
2026-09-05 15:31:51 UTC,http://www.gdi.com.qa/ar/
2026-09-05 15:31:51 UTC,https://www.qchem.com.qa/App_Pages/Company/CodeofEthics.aspx
2026-09-05 15:31:51 UTC,https://www.qchem.com.qa/App_Pages/HSE/Sustainability.aspx
2026-09-05 15:31:51 UTC,https://www.qchem.com.qa/App_Pages/Company/Certifications.aspx
2026-09-05 15:31:51 UTC,https://www.qchem.com.qa/App_Pages/Products/1Hexene.aspx
2026-09-05 15:31:51 UTC,https://gdi.com.qa/ar/
2026-09-05 15:31:51 UTC,https://www.gdi.com.qa/
2026-09-05 15:31:51 UTC,https://www.gdi.com.qa/ar/
2026-09-05 15:31:51 UTC,https://www.qcsd.com.qa/ar/faqar/
2026-09-05 15:31:51 UTC,https://www.gdi.com.qa/about-us/vision-mission-and-values/
2026-09-05 15:31:51 UTC,https://gdi.com.qa/
2026-09-05 15:31:51 UTC,https://www.gdi.com.qa/gdi-fleet/high-specs-drilling-units/
2026-09-05 15:31:51 UTC,https://www.gdi.com.qa/gdi-fleet/liftboats-accommodation-units/
2026-09-05 15:31:51 UTC,https://www.gdi.com.qa/gdi-fleet/onshore-drilling-units/
2026-09-05 15:31:51 UTC,https://www.gdi.com.qa/ar/%d8%a7%d9%84%d8%a3%d8%b3%d8%b7%d9%88%d9%84/%d9%85%d9%86%d8%a7%d8%b5%d8%a7%d8%aa-%d8%a8%d8%ad%d8%b1%d9%8a%d8%a9-%d8%b0%d8%a7%d8%aa%d9%8a%d8%a9-%d8%a7%d9%84%d8%b1%d9%81%d8%b9-%d9%88%d9%85%d9%86%d8%b5%d8%a7%d8%aa-%d8%a7%d9%84%d8%a5%d9%82%d8%a7/
2026-09-05 15:31:51 UTC,https://www.gdi.com.qa/ar/%d8%a7%d9%84%d8%a3%d8%b3%d8%b7%d9%88%d9%84/%d9%88%d8%ad%d8%af%d8%a7%d8%aa-%d8%a7%d9%84%d8%ad%d9%81%d8%b1-%d8%a7%d9%84%d8%a8%d8%b1%d9%8a%d8%a9/
2026-09-05 15:31:51 UTC,https://www.gdi.com.qa/ar/%d8%a7%d9%84%d8%a3%d8%b3%d8%b7%d9%88%d9%84/%d9%88%d8%ad%d8%af%d8%a7%d8%aa-%d8%ad%d9%81%d8%b1-%d8%b9%d8%a7%d9%84%d9%8a%d8%a9-%d8%a7%d9%84%d9%85%d9%88%d8%a7%d8%b5%d9%81%d8%a7%d8%aa/
2026-09-05 15:31:51 UTC,https://www.broadridge.com/capability/governance-and-regulatory-compliance/us-fund-regulatory-communications/
2026-09-05 15:31:51 UTC,https://www.broadridge.com/about/sustainability/
2026-09-05 15:31:51 UTC,https://www.broadridge.com/financial-services/asset-management/retirement-services/simplify-regulatory-and-compliance-reporting/
2026-09-05 15:31:51 UTC,https://www.broadridge.com/financial-services/corporate-issuer/issuer/maximize-esg-impact-and-bolster-long-term-sustainability/
2026-09-05 15:31:51 UTC,https://www.broadridge.com/capability/wealth-advisor-solutions/advisor-productivity-investor-solutions/
2026-09-05 15:31:51 UTC,http://www.broadridge.com/proxypulse/
2026-09-05 15:31:51 UTC,https://www.broadridge.com/campaign/2025-digital-transformation-study/
2026-09-05 15:31:51 UTC,https://www.synopsys.com/solutions/silicon-lifecycle-management/environmental-monitors/slm-pvt-monitor-ip.html
2026-09-05 15:31:51 UTC,https://www.synopsys.com/company/legal/privacy-policy.html
2026-09-05 15:31:51 UTC,https://investor.synopsys.com/financials/annual-reports-proxies/default.aspx
2026-09-05 15:31:51 UTC,https://www.synopsys.com/solutions/silicon-lifecycle-management/environmental-monitors/slm-ecc-ip.html
2026-09-05 15:31:51 UTC,https://www.synopsys.com/community/snug/snug-silicon-valley/location-proceedings-2024.html
2026-09-05 15:31:51 UTC,https://www.synopsys.com/community/snug/snug-silicon-valley/location-proceedings-2023.html
2026-09-05 15:31:51 UTC,https://www.synopsys.com/community/snug/snug-silicon-valley/location-proceedings-2022.html
2026-09-05 15:31:51 UTC,https://www.synopsys.com/community/snug/snug-silicon-valley/location-proceedings-2019.html
2026-09-05 15:31:51 UTC,https://www.synopsys.com/community/snug/snug-silicon-valley/location-proceedings-2018.html
2026-09-05 15:31:51 UTC,https://www.synopsys.com/community/snug/snug-silicon-valley/location-proceedings-2017.html
2026-09-05 15:31:51 UTC,https://www.synopsys.com/community/snug/snug-china/location-proceedings-2023.html
2026-09-05 15:31:51 UTC,https://www.synopsys.com/community/snug/snug-china/location-proceedings-2022.html
2026-09-05 15:31:51 UTC,https://www.synopsys.com/community/snug/snug-china/2021-proceedings.html
2026-09-05 15:31:51 UTC,https://www.synopsys.com/community/snug/snug-europe/location-proceedings-2024.html
2026-09-05 15:31:51 UTC,https://www.synopsys.com/community/snug/snug-europe/location-proceedings-2022.html
2026-09-05 15:31:51 UTC,https://www.synopsys.com/community/snug/snug-europe/location-proceedings-2020.html
2026-09-05 15:31:51 UTC,https://www.synopsys.com/community/snug/snug-india/location-proceedings-2023.html
2026-09-05 15:31:51 UTC,https://www.synopsys.com/community/snug/snug-india/location-proceedings-2022.html
2026-09-05 15:31:51 UTC,https://www.synopsys.com/community/snug/snug-india/location-proceedings-2020.html
2026-09-05 15:31:51 UTC,https://www.synopsys.com/community/snug/snug-israel/location-proceedings-2024.html
2026-09-05 15:31:51 UTC,https://www.synopsys.com/community/snug/snug-israel/location-proceedings-2022.html
2026-09-05 15:31:51 UTC,https://www.synopsys.com/community/snug/snug-penang/location-proceedings-2023.html
2026-09-05 15:31:51 UTC,https://www.synopsys.com/community/snug/snug-singapore/location-proceedings-2024.html
2026-09-05 15:31:51 UTC,https://www.synopsys.com/community/snug/snug-singapore/location-proceedings-2023.html
2026-09-05 15:31:51 UTC,https://www.synopsys.com/community/snug/snug-singapore/location-proceedings-2022.html
2026-09-05 15:31:51 UTC,https://www.synopsys.com/community/snug/snug-taiwan/location-proceedings-2024.html
2026-09-05 15:31:51 UTC,https://www.synopsys.com/community/snug/snug-taiwan/location-proceedings-2023.html
2026-09-05 15:31:51 UTC,https://www.synopsys.com/community/snug/snug-taiwan/location-proceedings-2022.html
2026-09-05 15:31:51 UTC,https://www.synopsys.com/community/snug/snug-taiwan/location-proceedings-2020.html
2026-09-05 15:31:51 UTC,https://www.synopsys.com/company/corporate-governance-ethics/code-of-ethics.html
2026-09-05 15:31:51 UTC,https://www.synopsys.com/zh-tw/taiwan/blog/sustainable-energy-efficient-world.html
2026-09-05 15:31:51 UTC,https://www.synopsys.com/community/snug/snug-china/2019-Proceedings.html
2026-09-05 15:31:51 UTC,https://www.synopsys.com/community/snug/snug-china/2018-proceedings.html
2026-09-05 15:31:51 UTC,https://www.synopsys.com/zh-cn/china/about-us/corporate-social-responsibility/supply-chain.html
2026-09-05 15:31:51 UTC,https://www.synopsys.com/blogs/chip-design/2023-community-service-hours.html
2026-09-05 15:31:51 UTC,https://www.synopsys.com/articles/achieving-iso-compliance.html
2026-09-05 15:31:51 UTC,https://www.synopsys.com/community/snug/snug-taiwan/location-proceedings-2019.html
2026-09-05 15:31:51 UTC,https://www.synopsys.com/community/snug/snug-taiwan/location-proceedings-2018.html
2026-09-05 15:31:51 UTC,https://www.synopsys.com/community/snug/snug-india/location-proceedings-ncr-2019.html
2026-09-05 15:31:51 UTC,https://www.synopsys.com/community/snug/snug-india/location-proceedings-2019.html
2026-09-05 15:31:51 UTC,https://www.synopsys.com/community/snug/snug-india/location-proceedings-2018.html
2026-09-05 15:31:51 UTC,https://www.synopsys.com/community/snug/snug-israel/location-proceedings-2019.html
2026-09-05 15:31:51 UTC,https://www.synopsys.com/community/snug/snug-israel/location-proceedings-2017.html
2026-09-05 15:31:51 UTC,https://www.synopsys.com/community/snug/snug-penang/location-proceedings-2019.html
2026-09-05 15:31:51 UTC,https://www.synopsys.com/community/snug/snug-penang/location-proceedings-2018.html
2026-09-05 15:31:51 UTC,https://www.synopsys.com/community/snug/snug-penang/location-proceedings-2017.html
2026-09-05 15:31:51 UTC,https://www.synopsys.com/community/snug/snug-penang/authors-kit.html
2026-09-05 15:31:51 UTC,https://www.synopsys.com/community/snug/snug-singapore/location-proceedings-2019.html
2026-09-05 15:31:51 UTC,https://www.synopsys.com/community/snug/snug-singapore/location-proceedings-2018.html
2026-09-05 15:31:51 UTC,https://www.synopsys.com/community/snug/snug-singapore/location-proceedings-2017.html
2026-09-05 15:31:51 UTC,https://www.synopsys.com/community/snug/snug-europe/location-proceedings-2019.html
2026-09-05 15:31:51 UTC,https://www.synopsys.com/community/snug/snug-europe/location-proceedings-2018.html
2026-09-05 15:31:51 UTC,https://www.synopsys.com/community/snug/snug-news/snug-news-2024.html
2026-09-05 15:31:51 UTC,https://benefits.synopsys.com/wellbeing-and-family/family-support/
2026-09-05 15:31:51 UTC,https://investor.synopsys.com/overview/default.aspx
2026-09-05 15:31:51 UTC,https://www.synopsys.com/company/management-team.html
2026-09-05 15:31:51 UTC,https://www.synopsys.com/company/responsible-business.html
2026-09-05 15:31:51 UTC,https://www.synopsys.com/content/synopsys/en-us/company/responsible-business.html
2026-09-05 15:31:51 UTC,https://www.synopsys.com/content/synopsys/en-us/company/corporate-governance-ethics/code-of-ethics.html
2026-09-05 15:31:51 UTC,https://www.synopsys.com/company/legal/contractor-nda.html
2026-09-05 15:31:51 UTC,https://www.synopsys.com/company/legal/privacy-policy/personal-data-processing-inventory.html
2026-09-05 15:31:51 UTC,https://www.synopsys.com/community/academic-programs.html
2026-09-05 15:31:51 UTC,https://www.synopsys.com/content/synopsys/en-us/academic-research.html
2026-09-05 15:31:51 UTC,https://www.synopsys.com/company/investor-relations.html
2026-09-05 15:31:51 UTC,https://www.synopsys.com/company/responsible-business/responsible-business-at-synopsys.html
2026-09-05 15:31:51 UTC,https://www.synopsys.com/company/responsible-business/reporting.html
2026-09-05 15:31:51 UTC,https://news.synopsys.com/2025-02-13-Synopsys-Expands-the-Industrys-Highest-Performance-Hardware-Assisted-Verification-Portfolio-to-Propel-Next-Generation-Semiconductor-and-Design-Innovation/
2026-09-05 15:31:51 UTC,https://events.synopsys.com/8A2qK5/
2026-09-05 15:31:51 UTC,https://investor.synopsys.com/
2026-09-05 15:31:51 UTC,https://www.synopsys.com/company/corporate-social-responsibility.html
2026-09-05 15:31:51 UTC,https://www.synopsys.com/company/environment-social-governance.html
2026-09-05 15:31:51 UTC,https://www.synopsys.com/academic-research.html
2026-09-05 15:31:51 UTC,https://www.synopsys.com/implementation-and-signoff/ams-simulation/primewave.html
2026-09-05 15:31:51 UTC,https://benefits.synopsys.com/enrollment/eligibility/
2026-09-05 15:31:51 UTC,https://benefits.synopsys.com/enrollment/enrolling-and-making-changes/
2026-09-05 15:31:51 UTC,https://benefits.synopsys.com/financial/employee-stock-purchase-plan/
2026-09-05 15:31:51 UTC,https://www.synopsys.com/photonic-solutions/resources.html
2026-09-05 15:31:51 UTC,https://www.synopsys.com/company/legal/privacy-policy/cookies-inventory.html
2026-09-05 15:31:51 UTC,https://www.synopsys.com/ko-kr/korean/about-us.html
2026-09-05 15:31:51 UTC,https://news.synopsys.com/2023-09-18-Synopsys-Demonstrates-Industrys-First-Interoperability-of-PCI-Express-6-0-IP-with-Intels-PCIe-6-0-Test-Chip/
2026-09-05 15:31:51 UTC,https://www.synopsys.com/community/snug/snug-news/keynote-day-1/watch.html
2026-09-05 15:31:51 UTC,https://www.synopsys.com/community/snug/snug-news/keynote-day-2/watch.html
2026-09-05 15:31:51 UTC,https://www.synopsys.com/content/synopsys/zh-cn/china/resources/whitepapers.html
2026-09-05 15:31:51 UTC,https://www.synopsys.com/zh-cn/china/resources/whitepapers.html
2026-09-05 15:31:51 UTC,https://events.synopsys.com/NA7DGB/
2026-09-05 15:31:51 UTC,https://www.synopsys.com/company/executive-briefing-center/ebc-map.html
2026-09-05 15:31:51 UTC,https://www.synopsys.com/company/management-team/alessandra-costa-bio.html
2026-09-05 15:31:51 UTC,https://www.synopsys.com/company/management-team/ann-minooka-bio.html
2026-09-05 15:31:51 UTC,https://www.synopsys.com/company/management-team/antonio-varas-bio.html
2026-09-05 15:31:51 UTC,https://www.synopsys.com/company/management-team/buvna-ayyagari-bio.html
2026-09-05 15:31:51 UTC,https://www.synopsys.com/company/management-team/charlie-matar-bio.html
2026-09-05 15:31:51 UTC,https://www.synopsys.com/company/management-team/janet-lee-bio.html
2026-09-05 15:31:51 UTC,https://www.synopsys.com/company/management-team/jill-larsen-bio.html
2026-09-05 15:31:51 UTC,https://www.synopsys.com/company/management-team/mike-ellow-bio.html
2026-09-05 15:31:51 UTC,https://www.synopsys.com/company/management-team/prith-banerjee-bio.html
2026-09-05 15:31:51 UTC,https://www.synopsys.com/company/management-team/raja-tabet-bio.html
2026-09-05 15:31:51 UTC,https://www.synopsys.com/company/management-team/ravi-subramanian-bio.html
2026-09-05 15:31:51 UTC,https://www.synopsys.com/company/management-team/sassine-ghazi-bio.html
2026-09-05 15:31:51 UTC,https://www.synopsys.com/company/management-team/shankar-krishnamoorthy-bio.html
2026-09-05 15:31:51 UTC,https://www.synopsys.com/company/management-team/shelagh-glaser-bio.html
2026-09-05 15:31:51 UTC,https://ansys.synopsys.com/company-information/corporate-responsibility/
2026-09-05 15:31:51 UTC,https://ansys.synopsys.com/company-information/sustainability/
2026-09-05 15:31:51 UTC,https://ansys.synopsys.com/academic/learning-resources/
2026-09-05 15:31:51 UTC,https://ansys.synopsys.com/company-information/ansys-security/
2026-09-05 15:31:51 UTC,https://ansys.synopsys.com/company-information/quality-assurance/
