source_url,page_type,http_status,total_seconds,navigation_seconds,stabilization_seconds,interaction_seconds,scan_seconds,other_seconds,retry_count
https://www.arcelikglobal.com/en/,PDF,200,2.3044110340000046,1.4364361100000025,0.6023610640000001,0.12175416099999836,0.07696048900000108,0.06689921000000254,0
https://www.arcelikglobal.com/en/company/privacy-cookies/cookie-notice/,HTML,200,1.8036016189999984,1.0182251399999984,0.6012340449999982,0.052672516000001224,0.0796990990000026,0.051770818999997914,0
https://www.arcelikglobal.com/en/company/privacy-cookies/website-privacy-notice/,HTML,200,1.7657856440000046,1.0181734219999967,0.6017260679999978,0.04612677000000076,0.04525624699999753,0.05450313700001175,0
https://www.arcelikglobal.com/en/privacy-cookies/website-privacy-notice/,HTML,200,1.892237112999993,1.1578571999999951,0.6014407649999924,0.04324574700000028,0.038812106999998264,0.05088129400000696,0
https://www.arcelikglobal.com/en/privacy-cookies/cookie-notice/,HTML,200,1.9088310960000001,1.1633155640000012,0.6008082809999991,0.04121523499999569,0.049556044000013344,0.053935971999990784,0
https://www.arcelikglobal.com/en/company/data-privacy-policy/,PDF,200,1.9344559489999966,1.200750677000002,0.60112934,0.0473029930000024,0.03792633599999817,0.04734660299999405,0
https://www.arcelikglobal.com/en/company/investor-relations/debt-securities/greenbond-2021/,PDF,200,1.7602806019999946,1.0182223609999994,0.6022723660000082,0.05194167100000868,0.03886897299999248,0.0489752309999858,0
https://www.arcelikglobal.com/en/vulnerability-disclosure-hall-of-fame/,HTML,200,1.7558169210000045,1.0238649019999997,0.6021524970000058,0.041965846999985956,0.04069470000000308,0.047138975000009964,0
https://www.arcelikglobal.com/en/vulnerability-disclosure-hall-of-fame/2026-vulnerability-disclosure-hall-of-fame/,HTML,200,1.7596840770000028,1.0290337670000014,0.6012882630000007,0.044473436000004085,0.0365085489999899,0.048380062000006774,0
https://www.arcelikglobal.com/en/vulnerability-disclosure-procedure/,HTML,200,1.8353309419999988,1.1166170529999988,0.6017179379999931,0.03328467800000112,0.035777467000002616,0.04793380600000319,0
https://www.arcelikglobal.com/en/vulnerability-disclosure-program-vdp-hall-of-fame/,HTML,200,1.770366193000001,1.0409236379999953,0.6018608840000041,0.043935232000009705,0.03550841199999866,0.048138026999993144,0
https://www.arcelikglobal.com/en/sustainability/engagements/we-support-ungc/,HTML,200,1.772272479999998,1.0333550360000032,0.6021287199999961,0.0446209370000048,0.04581431799999791,0.04635346899999604,0
https://www.arcelikglobal.com/en/sustainability/,PDF,200,1.7743055729999924,1.0521899909999917,0.6018561380000023,0.03650148799999897,0.039754702999999836,0.04400325299999963,0
https://www.arcelikglobal.com/en/company/press-room/press-releases/ahha-stake-sale-announcement/,PDF,200,1.7615750399999968,1.0307298099999969,0.6022423569999944,0.04304319300000259,0.03712699700000144,0.048432683000001475,0
https://www.arcelikglobal.com/en/company/press-room/press-releases/15-06-2026-disclosure-statement/,PDF,200,1.7258278869999941,0.9950172810000026,0.6012370170000025,0.04128827899999976,0.03956586099999981,0.04871944899998937,0
https://www.arcelikglobal.com/en/company/reports-presentations/financial-results-presentations/,PDF,200,1.6380103149999883,0.8922220860000039,0.6013416819999975,0.05148547800000358,0.04267767400000366,0.05028339499997969,0
https://www.arcelikglobal.com/en/company/press-room/press-releases/public-announcement-20-08-2026/,HTML,200,1.7383990169999919,1.005217658999996,0.601282599000001,0.04366053900000111,0.03829598699999792,0.049942232999995895,0
https://www.arcelikglobal.com/en/company/press-room/press-releases/?size=5,HTML,200,1.648081321999996,0.9030411020000031,0.6017903519999948,0.048438692000004835,0.04247278599999049,0.05233839000000273,0
https://www.arcelikglobal.com/en/company/press-room/press-releases/step-into-climate-reality-with-domino-the-little-one-as-beko-launches-an-imme/,PDF,200,1.7645297570000054,1.0313890689999994,0.6011522400000047,0.046082096000006345,0.03938105099999234,0.04652530100000263,0
https://www.arcelikglobal.com/en/company/press-room/press-releases/our-profound-loss/,HTML,200,1.7586907330000088,1.0310907889999896,0.6010164300000014,0.04419370200000117,0.038174968999996395,0.04421484300002021,0
https://www.arcelikglobal.com/en/company/press-room/press-releases/we-will-heal-our-wounds-together/,HTML,200,1.7746780089999987,1.0420395809999974,0.6017235879999987,0.043677477000002796,0.036964237000006506,0.05027312599999334,0
https://www.arcelikglobal.com/en/company/press-room/press-releases/arcelik-announces-contribution-agreement-to-form-a-new-standalone-european-home/,PDF,200,1.7423620799999924,1.006360510999997,0.6018218210000015,0.04237857799999745,0.03899838200000261,0.05280278799999394,0
http://www.arcelikglobal.com/en/,PDF,200,1.6874648689999958,0.8815838029999981,0.6012456360000016,0.11450088300000516,0.03996956199999602,0.050164984999995,0
https://www.arcelikglobal.com/en/company/press-room/press-releases/arceliks-eskisehir-plant-named-one-of-the-worlds-most-advanced-manufacturing-f/,PDF,200,1.7853404220000044,1.0433279239999962,0.6011684130000106,0.04747522200000276,0.046476005000002374,0.04689285799999254,0
https://www.arcelikglobal.com/en/company/press-room/press-releases/arcelikten-yedi-yil-kutlamasi/,HTML,200,1.7376926929999996,1.011799432999993,0.6013729419999976,0.037464826000004336,0.03707906200000366,0.04997643000000096,0
https://www.arcelikglobal.com/en/reports/press-releases/arcelik-ten-yedi-yil-kutlamasi/,FAILED,404,0.1941238659999982,0.1622591709999881,0.0,0.0,0.0,0.0318646950000101,2
https://www.arcelikglobal.com/en/company/press-room/press-releases/beko-urges-collaborative-action-on-universal-access-to-refrigeration-that-doesn/,PDF,200,1.9838971210000125,1.0379133110000112,0.6014858740000051,0.04165837099999692,0.24777580599999283,0.055063759000006485,0
https://www.arcelikglobal.com/en/company/press-room/press-releases/arcelik-and-hitachi-global-life-solutions-announce-their-intention-to-form-a-joi/,HTML,200,1.7722274599999963,1.0281210410000057,0.6022283129999977,0.04479783099999679,0.04586581099999876,0.051214463999997406,0
https://www.arcelikglobal.com/en/company/press-room/press-releases/public-announcement/,HTML,200,1.7760258189999973,1.0495196849999928,0.6022381179999883,0.039440353999992794,0.039289815000003614,0.04553784700001984,0
https://www.arcelikglobal.com/en/company/press-room/press-releases/beko-recognised-as-one-of-time-magazines-most-sustainable-companies-in-the-worl/,HTML,200,1.7379665610000075,1.0078918600000009,0.6016122799999977,0.04372404999999446,0.03662665500000628,0.04811171600000819,0
https://www.arcelikglobal.com/en/brands/,HTML,200,1.6506483809999963,0.9096498020000041,0.6014285540000088,0.04803735199999437,0.04333400400000187,0.04819866899998715,0
https://www.arcelikglobal.com/en/sustainability/sustainability-reports/,PDF,200,1.6156351180000001,0.890871844000003,0.6015755159999969,0.033872239000004356,0.0396049919999939,0.049710527000002,0
https://www.arcelikglobal.com/en/sustainability/engagements/engagements/,HTML,200,1.6342599740000026,0.9187003910000016,0.6019496919999909,0.033851063999989606,0.03498572200000183,0.04477310500001863,0
https://www.arcelikglobal.com/en/sustainability/engagements/wef-alliance-of-ceo-climate-leaders/,HTML,200,1.7673726459999983,1.0293314219999985,0.6011531710000071,0.040817215000004126,0.04816247300000498,0.04790836499998363,0
https://www.arcelikglobal.com/en/sustainability/awards-achievements/,PDF,200,1.7979304320000153,1.0560554070000023,0.6024536959999978,0.038539069999984576,0.05140711699999656,0.04947514200003411,0
https://www.arcelikglobal.com/en/sustainability/in-touch-with-business/customer-and-consumer-experience/,PDF,200,1.798856513000004,1.0639286459999937,0.6020130519999896,0.04449166300000229,0.038567623000005824,0.049855529000012666,0
https://www.arcelikglobal.com/en/sustainability/in-touch-with-business/product-quality-and-safety/,PDF,200,1.7774702879999893,1.053008511999991,0.6012688419999961,0.04083026800000766,0.037161247999989655,0.04520141800000488,0
https://www.arcelikglobal.com/en/company/reports-presentations/sustainability-reports/,PDF,200,1.673503205000003,0.947897227999988,0.60150889800002,0.03534191199997849,0.040527855999982876,0.048227311000033524,0
https://www.arcelikglobal.com/en/sustainability/in-touch-with-business/r-d-innovation-and-digital-transformation/,PDF,200,1.7937182040000152,1.0636039180000125,0.601430874000016,0.0446693779999805,0.03647723599999608,0.047536798000010094,0
https://www.arcelikglobal.com/en/sustainability/in-touch-with-business/employee-health-and-safety/,PDF,200,1.9219898730000011,1.1867535020000162,0.6025049710000019,0.04739360799999304,0.036422473999977,0.04891531800001303,0
https://www.arcelikglobal.com/en/sustainability/in-touch-with-business/future-fit-culture-talent-organizational-management/,PDF,200,1.7973967970000047,1.0596863579999933,0.6015250570000035,0.04629098400002363,0.039546663000010085,0.050347734999974136,0
https://www.arcelikglobal.com/en/sustainability/intouch/areas/future-fit-development/,HTML,200,1.7526047300000016,1.021213921999987,0.6023008650000179,0.044166943000021774,0.03729916700001468,0.047623832999960314,0
https://www.arcelikglobal.com/en/sustainability/in-touch-with-business/human-rights/,HTML,200,1.7917644430000053,1.0646076570000105,0.601594514999988,0.035294437000004564,0.03996488100000306,0.050302952999999206,0
https://www.arcelikglobal.com/en/sustainability/in-touch-with-business/human-rights-salient-issues/,HTML,200,1.7342093009999928,1.0091422370000203,0.6013507760000039,0.042122740000024805,0.03687587199999598,0.044717675999947915,0
https://www.arcelikglobal.com/en/sustainability/in-touch-with-business/arcelik-committee-governance/,HTML,200,1.745383559000004,1.0189604010000153,0.6009653479999884,0.0421307150000132,0.03713916099999892,0.04618793399998822,0
https://www.arcelikglobal.com/en/sustainability/in-touch-with-business/due-diligence-process/,HTML,200,1.7481331150000017,1.0226324319999947,0.6023127320000015,0.04198112099999207,0.036249345000015865,0.04495748499999763,0
https://www.arcelikglobal.com/en/sustainability/in-touch-with-business/arcelik-human-rights-framework/,HTML,200,1.7427337729999977,1.011614484000006,0.6017546029999892,0.04530502899999078,0.03600586300001396,0.04805379399999765,0
https://www.arcelikglobal.com/en/sustainability/in-touch-with-business/sustainable-financing/,PDF,200,1.789007211000012,1.0611604429999772,0.6017289219999782,0.04243489700002101,0.03645914500000913,0.04722380400002635,0
https://www.arcelikglobal.com/en/company/investor-relations/sustainability-linked-financing-framework/,PDF,200,1.769961510999991,1.0408489300000099,0.60212254999999,0.041105061000024534,0.04027766400000132,0.04560730599996532,0
https://www.arcelikglobal.com/en/company/reports-presentations/green-bond-allocation-and-impact-reports/,PDF,200,1.600669661000012,0.873581334999983,0.6019745209999883,0.0410949770000002,0.03487411099999349,0.04914471700004697,0
https://www.arcelikglobal.com/en/sustainability/in-touch-with-business/product-stewardship/,HTML,200,1.7775828219999994,1.044839741000004,0.6015874060000215,0.044433566999998675,0.03767463399998405,0.0490474739999911,0
https://www.arcelikglobal.com/en/sustainability/intouch/areas/waste-electrical-and-electronic-equipment-weee-recycling/,HTML,200,1.7534940909999932,1.0155294600000104,0.6018840799999907,0.04296209100002102,0.03898110999998039,0.05413734999999065,0
https://www.arcelikglobal.com/en/sustainability/in-touch-with-business/overview/,HTML,200,1.627434529000027,0.8990510250000057,0.6019217070000025,0.04277919400001906,0.035971479000011186,0.04771112399998856,0
https://www.arcelikglobal.com/en/sustainability/in-touch-with-human-needs/corporate-citizenship/,PDF,200,1.7564169110000023,1.0218090829999937,0.6015352980000159,0.04566998499998931,0.03671044499998288,0.050692100000020446,0
https://www.arcelikglobal.com/en/sustainability/intouch/areas/our-action-coalition-commitments/,HTML,200,1.7530729089999966,1.022658645000007,0.6019233739999947,0.04444627600000217,0.03678067500001703,0.04726393899997561,0
https://www.arcelikglobal.com/en/sustainability/intouch/areas/biodiversity/,PDF,200,1.7571262210000214,1.0218389430000059,0.601428851999998,0.04253396699999712,0.0416008990000023,0.0497235600000181,0
https://www.arcelikglobal.com/en/sustainability/in-touch-with-our-planet/chemicals-management/,PDF,200,1.7478240949999986,1.0216050950000124,0.6019799130000081,0.04159045200000833,0.03817825300001232,0.04447038199995745,0
https://www.arcelikglobal.com/en/sustainability/in-touch-with-our-planet/waste-management/,HTML,200,1.6191813460000049,0.9001066470000012,0.6015617490000125,0.03325622299999509,0.03769710000000259,0.0465596269999935,0
https://www.arcelikglobal.com/en/sustainability/in-touch-with-our-planet/water-management/,PDF,200,1.752303224000002,1.0289492360000168,0.6011847129999808,0.040310532999995985,0.037445385000012266,0.04441335699999627,0
https://www.arcelikglobal.com/en/company/reports-presentations/cdp-reports/,PDF,200,1.613284326000013,0.8789033200000063,0.6010897250000085,0.04471552399999723,0.03724569700000302,0.05133005999999796,0
https://www.arcelikglobal.com/en/sustainability/in-touch-with-our-planet/climate-action/,PDF,200,1.6695196179999812,0.9434149059999868,0.6014680760000033,0.0415802699999972,0.03617996299999504,0.046876402999998845,0
https://www.arcelikglobal.com/en/sustainability/in-touch-with-our-planet/overview/,HTML,200,1.6286015059999954,0.9042490509999936,0.6015381219999938,0.0378207219999922,0.03458104599999956,0.05041256500001623,0
https://www.arcelikglobal.com/en/sustainability/strategic-approach-to-sustainability/materiality-analysis/,HTML,200,1.7280594160000078,1.0006560530000002,0.6020820880000031,0.04113696199999595,0.035317824000003384,0.04886648900000523,0
https://www.arcelikglobal.com/en/sustainability/strategic-approach-to-sustainability/corporate-governance/,PDF,200,1.7568546370000035,1.0114947929999971,0.6021520250000094,0.04344976400000178,0.0406527750000123,0.05910527999998294,0
https://www.arcelikglobal.com/en/technology/design-and-integration/,HTML,200,1.7401680480000152,1.0085268690000078,0.6015502639999966,0.04445587500001125,0.037396525000019665,0.04823851499998,0
https://www.arcelikglobal.com/en/technology/design-and-integration/?autoplay=1&controls=0&disablekb=1&fs=0&iv_load_policy=3&modestbranding=1&rel=0&showinfo=0,HTML,200,1.7335834480000187,0.9996887079999794,0.6018637920000174,0.04408272499998134,0.03601326899999435,0.05193495400004622,0
https://www.arcelikglobal.com/en/technology/technology-transfer-and-cooperation-request-form/,HTML,200,1.7817020610000043,0.8989536219999934,0.6015218769999819,0.192525159000013,0.03903975400001514,0.04966164900000081,0
https://www.arcelikglobal.com/en/technology/r-d/r-d-and-design-centers/,HTML,200,1.8847284269999989,1.1553809889999798,0.6010166830000117,0.0452336679999803,0.03636240800000223,0.046734679000024926,0
https://www.arcelikglobal.com/en/technology/r-d/overview/,HTML,200,1.6642760219999957,0.9263183550000065,0.6011119750000091,0.04593631999998138,0.03940312599999629,0.05150624600000242,0
https://www.arcelikglobal.com/en/technology/r-d/home-robotics-autonomous-systems/,HTML,200,1.7805438679999952,1.04660256599999,0.601561696999994,0.04451752100001727,0.04209065899999587,0.04577142499999809,0
https://www.arcelikglobal.com/en/technology/r-d/cleaning-drying-technologies/,HTML,200,1.7776451370000075,1.0459009669999944,0.6013424450000002,0.046767129000016894,0.03763023199999793,0.04600436399999808,0
https://www.arcelikglobal.com/en/technology/r-d/cooling-technologies/,HTML,200,1.7438011090000032,1.0179733690000035,0.6012865650000094,0.041090332999999646,0.03686113599999885,0.04658970599999179,0
https://www.arcelikglobal.com/en/technology/r-d/artificial-intelligence-machine-learning-for-smart-home-systems/,HTML,200,1.7493482099999937,1.0199307809999993,0.6011158639999792,0.04107664399998612,0.03863088200000675,0.04859403900002235,0
https://www.arcelikglobal.com/en/technology/r-d/air-water-filtration-and-purification-technologies/,HTML,200,1.7522385090000228,1.026225882999995,0.6018582830000128,0.0417313110000066,0.03637907099999893,0.046043961000009404,0
https://www.arcelikglobal.com/en/technology/r-d/insulation-thermal-management-technologies/,HTML,200,1.747152688,1.021793180000003,0.6011588509999797,0.043267955000004577,0.03676197199999365,0.04417073000001892,0
https://www.arcelikglobal.com/en/technology/r-d/next-generation-smart-cooking-technologies/,HTML,200,1.7437168139999812,1.0137118020000173,0.6013519820000113,0.04564861899999073,0.03721801200001096,0.04578639899995096,0
https://www.arcelikglobal.com/en/technology/r-d/food-preservation-shelf-life-monitoring-technologies/,HTML,200,1.7928645629999949,1.0632098549999967,0.6010339989999807,0.043436494000019366,0.03494728900000155,0.05023692599999663,0
https://www.arcelikglobal.com/en/technology/r-d/techpro-academy/,HTML,200,1.7389023740000198,1.0151454899999806,0.6018492289999813,0.04270443200002205,0.03448337499997933,0.04471984800005657,0
https://www.arcelikglobal.com/en/technology/r-d/joint-projects/,HTML,200,1.6184648709999863,0.892553534000001,0.6010879819999957,0.04272793500001626,0.036138542000003326,0.04595687799996995,0
https://www.arcelikglobal.com/en/company/privacy-cookies/,PDF,200,1.6468014779999862,0.9179601590000175,0.6015512849999993,0.04332293899997808,0.03811082900000429,0.045856265999987045,0
https://www.arcelikglobal.com/en/company/policies/,PDF,200,1.6475307089999944,0.9083353879999834,0.6022047990000203,0.045999147000003404,0.03892049499998507,0.05207088000000226,0
https://www.arcelikglobal.com/en/company/bsci-sedex-social-accountability-audits/,HTML,200,1.7697653539999862,1.0397871929999951,0.6022001990000092,0.042405647000009594,0.0382758280000246,0.04709648699994773,0
https://www.arcelikglobal.com/en/company/contact/,HTML,200,1.677665363000017,0.8921086629999877,0.6026940309999986,0.05203926600000841,0.045880654000001186,0.08494274900002097,0
https://www.arcelikglobal.com/en/company/press-room/photos/,HTML,200,1.6471722160000013,0.8985364940000125,0.6012524580000047,0.04921321399999101,0.045017927999992935,0.05315212200000019,0
https://www.arcelikglobal.com/en/company/press-room/videos/,HTML,200,1.642889311999994,0.9053920839999989,0.6003644029999862,0.05121309399999063,0.03774979300001746,0.04816993800000091,0
https://www.arcelikglobal.com/en/company/press-room/logos/,HTML,200,4.731862137000007,2.707718241000009,1.8047509280000043,0.04756362200001263,0.06725530200000662,0.10457404399997472,0
https://www.arcelikglobal.com/en/company/press-room/logos/arcelik-1/,PDF,200,1.78432543400001,1.0407686200000228,0.600478546000005,0.048325953999977855,0.0426280229999918,0.05212429100001259,0
https://www.arcelikglobal.com/en/company/press-room/logos/voltas-beko/,PDF,200,1.6075400860000002,0.8872613110000032,0.6002696729999855,0.0386592490000055,0.03455103699999995,0.04679881600000613,0
https://www.arcelikglobal.com/en/company/press-room/logos/flavel/,PDF,200,1.617759172999996,0.8892868670000098,0.6012173660000144,0.038423630000011144,0.03689140899999188,0.05193990099996881,0
https://www.arcelikglobal.com/en/company/press-room/logos/leisure/,PDF,200,1.628907336999987,0.8938305479999826,0.6006887219999726,0.04584556300000031,0.03963669300000561,0.04890581100002578,0
https://www.arcelikglobal.com/en/company/press-room/logos/elektrabregenz/,PDF,200,1.755166312,1.0229218339999875,0.6016556609999952,0.0488540300000011,0.03542633999998657,0.04630844700002967,0
https://www.arcelikglobal.com/en/company/press-room/logos/blomberg/,PDF,200,1.6146027479999816,0.883471113999974,0.6006857539999828,0.04934115800000427,0.03519522399997754,0.04590949800004296,0
https://www.arcelikglobal.com/en/company/press-room/logos/arctic/,PDF,200,1.5689184800000078,0.8308629569999937,0.6004486550000081,0.05462168400001133,0.03772109900000942,0.045264084999985243,0
https://www.arcelikglobal.com/en/company/press-room/logos/defy/,PDF,200,1.610745503000004,0.8787962569999763,0.6010790530000065,0.049168511000004855,0.036001550999998244,0.04570013100001802,0
https://www.arcelikglobal.com/en/company/press-room/logos/dawlance/,PDF,200,1.6151936230000103,0.891198189999983,0.6010727679999945,0.039879445999986274,0.03751192400000036,0.04553129500004616,0
https://www.arcelikglobal.com/en/company/press-room/logos/altus/,PDF,200,1.6696614929999782,0.9300447129999725,0.6009360659999743,0.049357163000024684,0.0406047600000079,0.04871879099999887,0
https://www.arcelikglobal.com/en/company/press-room/logos/grundig/,PDF,200,1.6236174580000124,0.889438656999971,0.6013081429999829,0.04874651100004712,0.03776500200001465,0.046359144999996715,0
https://www.arcelikglobal.com/en/company/press-room/logos/beko/,PDF,200,1.7784460889999991,1.0408215950000113,0.6012492020000195,0.04785650200000191,0.03990450499998133,0.0486142849999851,0
https://www.arcelikglobal.com/en/company/press-room/logos/arcelik/,PDF,200,1.642306259999998,0.9207830109999691,0.6011673030000111,0.0385819169999877,0.03769775400002118,0.04407627500000899,0
https://www.arcelikglobal.com/en/company/press-room/press-releases/,HTML,200,1.6255675090000068,0.8879888889999847,0.6009312619999605,0.04898623200000429,0.03749352500000214,0.05016760100005513,0
https://www.arcelikglobal.com/en/company/reports-presentations/,HTML,200,4.586858680999967,2.5706639909999467,1.804233919000012,0.04450514600000588,0.06802227500003255,0.09943334999996978,0
https://www.arcelikglobal.com/en/company/reports-presentations/right-to-refrigeration-report/,PDF,200,1.7486357350000503,1.025778119999984,0.6001095190000001,0.04224856100000807,0.03360233300003301,0.04689720200002512,0
https://www.arcelikglobal.com/en/company/reports-presentations/gender-equality-report/,PDF,200,1.6160335260000238,0.892845632999979,0.6010361460000126,0.04309052700000393,0.03328572499998472,0.04577549500004352,0
https://www.arcelikglobal.com/en/company/reports-presentations/materiality-reports/,PDF,200,1.6340152089999833,0.9067865110000071,0.6005000020000466,0.0441883290000078,0.036177150000014535,0.04636321699990731,0
https://www.arcelikglobal.com/en/company/reports-presentations/conflict-minerals-due-diligence-report/,PDF,200,1.647486301000015,0.9268727780000177,0.6019763420000004,0.041498515999990104,0.033360206999986985,0.04377845800001978,0
https://www.arcelikglobal.com/en/company/reports-presentations/investor-presentations/,PDF,200,1.755002798000021,1.0293340829999806,0.6002174230000037,0.043910981999999876,0.0346726189999913,0.0468676910000454,0
https://www.arcelikglobal.com/en/company/reports-presentations/documents-and-certificates/,PDF,200,1.6319164239999964,0.9062630369999738,0.6009465850000311,0.0426024050000251,0.03599006299998564,0.04611433399998077,0
https://www.arcelikglobal.com/en/company/reports-presentations/corporate-governance-rating-reports/,PDF,200,1.5889628909999942,0.8641539410000405,0.6018760579999594,0.04271438399996441,0.03498852100000249,0.04522998700002745,0
https://www.arcelikglobal.com/en/company/reports-presentations/corporate-governance-compliance-reports/,PDF,200,1.6368775930000083,0.8979629259999911,0.6007518459999801,0.04341367199998558,0.0461551799999711,0.048593969000080506,0
https://www.arcelikglobal.com/en/company/reports-presentations/assurance-reports/,PDF,200,1.7564060320000294,1.0236887710000246,0.601620808000007,0.0445250380000175,0.03773244000001341,0.04883897499996692,0
https://www.arcelikglobal.com/en/company/reports-presentations/financial-statements/,PDF,200,1.623878110000021,0.8799604249999788,0.6010984220000068,0.049790852000000996,0.04343656700001475,0.04959184400001959,0
https://www.arcelikglobal.com/en/company/reports-presentations/annual-reports/,PDF,200,1.6075293969999507,0.8804170249999856,0.6006697320000285,0.04146051800000805,0.03601670699998749,0.048965414999941004,0
https://www.arcelikglobal.com/en/company/supply-chain/supply-chain/,PDF,200,1.7565998630000195,0.9685520489999817,0.6006630769999788,0.03650447699999404,0.09174103799995237,0.05913922200011257,0
https://www.arcelikglobal.com/en/company/supply-chain/our-sustainability-roadmap-with-our-suppliers/,PDF,200,1.7923661560000141,1.0704094839999811,0.6021296220000067,0.03794943999997713,0.037761106999994354,0.04411650300005476,0
https://www.arcelikglobal.com/en/company/supply-chain/supplier-improvement-activities/,HTML,200,1.7907457619999718,1.0586845150000386,0.6011819060000221,0.03584873800002697,0.035898938000002545,0.05913166499988165,0
https://www.arcelikglobal.com/en/company/supply-chain/product-sourcing-supplier-requirements/,HTML,200,1.8198923109999896,1.0867022470000052,0.6017545409999911,0.036373165999975754,0.037846781999974155,0.05721557500004337,0
https://www.arcelikglobal.com/en/company/supply-chain/supplier-quality-standards/,HTML,200,1.7817217049999954,1.0619741019999651,0.6008922660000167,0.03430550400003085,0.03642501799998854,0.048124814999994214,0
https://www.arcelikglobal.com/en/company/supply-chain/supplier-environmental-conditions/,PDF,200,1.778234053999995,1.0606066990000045,0.6015487139999891,0.03434351200002084,0.037031628999955046,0.04470350000002554,0
https://www.arcelikglobal.com/en/company/reports-presentations/sustainability-reports/?val=3733,PDF,200,1.7559894249999957,1.0216583039999705,0.6018014710000443,0.04637835500000165,0.03738021800000979,0.04877107699996941,0
https://www.arcelikglobal.com/en/company/supply-chain/supplier-sustainability-index/,PDF,200,1.8056378320000022,1.089783901999965,0.6004131669999992,0.03538081800002146,0.03780851999999868,0.04225142500001766,0
https://www.arcelikglobal.com/en/company/supply-chain/business-ethics-audits-reporting/,PDF,200,1.8056760599999961,1.090051281000001,0.5998566909999568,0.036913402000038786,0.03573148300000639,0.04312320299999328,0
https://www.arcelikglobal.com/en/company/supply-chain/responsible-purchasing-policy-and-implementation-principles/,PDF,200,1.8113126549999947,1.0741927849999797,0.6022735409999882,0.03615823999996337,0.038095742999985305,0.06059234600007812,0
https://www.arcelikglobal.com/en/company/supply-chain/supplier-management-and-contracts/,PDF,200,1.7851887019999708,1.0540547510000238,0.6013156349999917,0.03362850799999251,0.04074198600000045,0.05544782199996234,0
https://www.arcelikglobal.com/en/company/supply-chain/would-you-like-to-work-with-us/,HTML,200,1.9542207040000221,1.237399632000006,0.6016535580000095,0.036163443000020834,0.037505084999963856,0.04149898600002189,0
https://www.arcelikglobal.com/en/company/investor-relations/material-event-disclosures/,PDF,200,1.7631338539999888,1.038085792000004,0.6004653940000253,0.03559746799999175,0.03880145199997287,0.05018374799999492,0
https://www.arcelikglobal.com/en/company/investor-relations/webcast/,PDF,200,1.6332317670000407,0.891416085000003,0.6009112120000282,0.03510513999998466,0.05844588200000089,0.047353448000023945,0
https://www.arcelikglobal.com/en/company/investor-relations/policies/,PDF,200,1.536467885000036,0.8147393459999535,0.601241860000016,0.03500201100001732,0.03669015700000955,0.04879451100003962,0
https://www.arcelikglobal.com/en/company/investor-relations/debt-securities/,HTML,200,1.6541770810000003,0.923420544999999,0.6010354570000231,0.04184438199996521,0.03733302100005176,0.050543675999961124,0
https://www.arcelikglobal.com/en/company/investor-relations/debt-securities/try-debt-securities-2018/,PDF,200,1.730545200999984,1.0049747830000229,0.6015985530000307,0.04088710500002435,0.03539951799996288,0.04768524199994317,0
https://www.arcelikglobal.com/en/company/investor-relations/debt-securities/try-debt-securities-2021/,PDF,200,1.7457310689999872,1.0135826839999709,0.600218883000025,0.04359084800000801,0.038829385999974875,0.04950926800000843,0
https://www.arcelikglobal.com/en/company/investor-relations/debt-securities/try-debt-securities-december-2021/,PDF,200,1.7479454619999615,1.0279304989999787,0.6002206709999882,0.039981060000002344,0.03590469900001381,0.043908532999978434,0
https://www.arcelikglobal.com/en/company/investor-relations/debt-securities/usd-debt-securities-february-2022/,PDF,200,1.7417602159999888,1.0158218519999878,0.6007638110000357,0.04312185099996668,0.0373130159999846,0.04473968600001399,0
https://www.arcelikglobal.com/en/company/investor-relations/debt-securities/tl-debt-securities-september-2022/,PDF,200,1.766976686000021,1.03713779200001,0.6011418169999843,0.0446295149999969,0.04016137399997888,0.04390618800005086,0
https://www.arcelikglobal.com/en/company/investor-relations/debt-securities/tl-debt-securities-november-2023/,PDF,200,1.7412122419999605,1.0150131940000051,0.6016162299999905,0.041012136000006194,0.035111247999964235,0.04845943399999442,0
https://www.arcelikglobal.com/en/company/investor-relations/debt-securities/tl-debt-securities-february-2025/,PDF,200,1.7335443560000385,1.0087895350000053,0.6012885279999978,0.04130694399998447,0.038172709999969356,0.043986639000081595,0
https://www.arcelikglobal.com/en/company/investor-relations/merger-demerger/,HTML,200,1.7686873600000013,1.0459581210000124,0.6010150310000313,0.04156981599999199,0.036358065000001716,0.043786326999963876,0
https://www.arcelikglobal.com/en/company/investor-relations/merger-demerger/merger-through-acquisition-2009/,PDF,200,1.7222786959999894,0.9963074449999567,0.6007485399999837,0.04447606200000109,0.036184066000032544,0.044562583000015366,0
https://www.arcelikglobal.com/en/company/investor-relations/merger-demerger/partial-demerger-2016/,PDF,200,1.7524238990000072,0.9974815260000014,0.601528777999988,0.044359209999981886,0.06473919400002615,0.04431519100000969,0
https://www.arcelikglobal.com/en/company/investor-relations/merger-demerger/partial-demerger-2018/,PDF,200,1.732836734999978,1.0071032509999895,0.6020032570000353,0.04235136300002296,0.036068397999997615,0.0453104659999326,0
https://www.arcelikglobal.com/en/company/investor-relations/general-meeting/,HTML,200,1.7843633130000285,1.0494158039999775,0.6013146699999652,0.04218260900000814,0.04620922200001587,0.04524100800006181,0
https://www.arcelikglobal.com/en/company/investor-relations/general-meeting/27032014-ordinary-general-meeting/,PDF,200,1.7378246849999641,1.0086755660000222,0.6013149460000022,0.042100500999993073,0.03455832599996711,0.05117534599997953,0
https://www.arcelikglobal.com/en/company/investor-relations/general-meeting/23032015-ordinary-general-meeting/,PDF,200,1.7360101159999886,1.0102154049999967,0.6006498730000089,0.04406727299999602,0.03630772500002877,0.044769839999958094,0
https://www.arcelikglobal.com/en/company/investor-relations/general-meeting/25032016-ordinary-general-meeting/,PDF,200,1.87297287399997,1.140895607999994,0.6012263019999864,0.04415340999997852,0.039259809999975914,0.04743774400003531,0
https://www.arcelikglobal.com/en/company/investor-relations/general-meeting/26122016-extraordinary-general-meeting/,PDF,200,1.7488150610000162,1.0238516360000176,0.6009787579999966,0.040527193000002626,0.03542743899998868,0.048030035000010685,0
https://www.arcelikglobal.com/en/company/investor-relations/general-meeting/23032017-ordinary-general-meeting/,HTML,200,1.7708436429999779,1.0496976800000084,0.6006918909999968,0.04161094700003787,0.0347248179999724,0.04411830699996244,0
https://www.arcelikglobal.com/en/company/investor-relations/general-meeting/19032018-ordinary-general-meeting/,HTML,200,1.8065717359999667,1.0735766260000332,0.6004934119999916,0.04375680599997622,0.04044429999999011,0.048300591999975495,0
https://www.arcelikglobal.com/en/company/investor-relations/general-meeting/26062018-extraordinary-general-meeting/,PDF,200,1.7994303410000043,1.0610512249999715,0.6012251820000074,0.041207535000012285,0.0369503649999956,0.058996034000017517,0
https://www.arcelikglobal.com/en/company/investor-relations/general-meeting/19032019-ordinary-general-meeting/,HTML,200,1.7404190309999876,1.0144047160000014,0.6008455859999913,0.04165833500002236,0.035337956999967446,0.048172437000005175,0
https://www.arcelikglobal.com/en/company/investor-relations/general-meeting/25032020-ordinary-general-meeting/,PDF,200,1.7542735250000305,1.0279397479999943,0.6011407880000093,0.0426399110000375,0.03783744499997965,0.0447156330000098,0
https://www.arcelikglobal.com/en/company/investor-relations/general-meeting/23032021-ordinary-general-meeting/,PDF,200,1.7700596850000352,1.0455291890000353,0.6010523520000106,0.04198171299998421,0.03673865299998624,0.04475777800001879,0
https://www.arcelikglobal.com/en/company/investor-relations/general-meeting/23032022-ordinary-general-meeting/,PDF,200,1.8181577339999535,1.0842440430000124,0.6010116440000388,0.04106974699999455,0.038107937000006586,0.05372436299990113,0
https://www.arcelikglobal.com/en/company/investor-relations/general-meeting/16032023-ordinary-general-meeting/,PDF,200,1.7761287440000046,1.0502153549999775,0.6006997289999845,0.04166223400000035,0.037174125000035474,0.04637730100000681,0
https://www.arcelikglobal.com/en/company/investor-relations/general-meeting/04042024-ordinary-general-meeting/,PDF,200,1.7410437160000356,1.0144739689999938,0.6008740400000079,0.043661201000020355,0.03683320900000808,0.045201297000005525,0
https://www.arcelikglobal.com/en/company/investor-relations/general-meeting/28032025-ordinary-general-meeting/,PDF,200,1.7516892790000043,1.019938743999944,0.601778827999965,0.042672589999995125,0.04017519500001754,0.04712392200008253,0
https://www.arcelikglobal.com/en/company/investor-relations/general-meeting/16-03-2026-ordinary-general-meeting/,PDF,200,1.752729142000021,1.0263220080000224,0.6006179020000104,0.04174835499998153,0.03655270699999846,0.04748817000000827,0
https://www.arcelikglobal.com/en/company/investor-relations/committees/,PDF,200,1.776087197000038,1.0465678120000348,0.600911219000011,0.044290493000005426,0.03520253700003195,0.04911513599995487,0
https://www.arcelikglobal.com/en/company/investor-relations/analysts/,HTML,200,1.7308926590000056,1.0034768759999793,0.6022771610000177,0.036277774999973644,0.040736877000028926,0.04812397000000601,0
https://www.arcelikglobal.com/en/company/investor-relations/investor-calendar/,HTML,200,1.7277726239999538,1.0025694909999743,0.6011186599999974,0.04372385099998155,0.03541559799998595,0.044945024000014655,0
https://www.arcelikglobal.com/en/company/investor-relations/corporate-governance/,PDF,200,1.654390546000002,0.9260532050000165,0.6008741609999788,0.04237751699997716,0.03761154000000033,0.04747412300002907,0
https://www.arcelikglobal.com/en/company/investor-relations/debt-securities/debt-securities/,FAILED,404,0.19606991899996729,0.16678000699999984,0.0,0.0,0.0,0.029289911999967444,2
https://www.arcelikglobal.com/en/company/investor-relations/merger-demerger/merger-demerger/,FAILED,404,0.1947384939999779,0.1655100820000257,0.0,0.0,0.0,0.029228411999952186,2
https://www.arcelikglobal.com/en/company/investor-relations/financial-summary/,HTML,200,1.6445354869999846,0.9234234529999981,0.6011593960000141,0.0426832930000387,0.03478056099999094,0.042488783999942825,0
https://www.arcelikglobal.com/en/company/investor-relations/investor-relations/,PDF,200,2.1322842900000296,1.3840008160000252,0.6005437919999963,0.0638455449999924,0.038687887000037335,0.045206249999978354,0
https://www.arcelikglobal.com/en/company/about-us/our-culture/overview/,HTML,200,1.6305058789999975,0.9066971199999898,0.6015264659999957,0.04458796900001971,0.031822242000032475,0.045872081999959846,0
https://www.arcelikglobal.com/en/company/about-us/global-code-of-conduct/,PDF,200,1.7825334689999863,1.0450258420000296,0.6002635240000131,0.044417038999995384,0.040105176999986725,0.0527218869999615,0
https://www.arcelikglobal.com/en/company/about-us/info-for-the-cases-about-the-previous-years/,HTML,200,1.747970066999983,1.022646669999972,0.6008776689999991,0.04371054500001037,0.03536936299997251,0.04536582000002909,0
https://www.arcelikglobal.com/en/company/about-us/awards/,HTML,200,1.841227899000046,1.0869665540000142,0.601791215999981,0.059127926999963165,0.04191654099997777,0.05142566100010981,0
https://www.arcelikglobal.com/en/company/about-us/locations/,HTML,200,1.6243779469999708,0.8987725599999976,0.601598024999987,0.04350880199996254,0.033682163999969816,0.04681639600005383,0
https://www.arcelikglobal.com/en/company/about-us/history/,HTML,200,1.6123739060000162,0.8833245120000015,0.6017050309999945,0.04086619200000996,0.03719560899997987,0.04928256200003034,0
https://www.arcelikglobal.com/en/company/about-us/management/,HTML,200,1.6275737869999602,0.8948134050000363,0.6011221210000031,0.03303864299999759,0.047268990000020494,0.051330627999902845,0
https://www.arcelikglobal.com/en/company/about-us/management-team/selin-guler/,HTML,200,1.8135375580000073,1.0871556120000037,0.6013077269999485,0.040935395000019525,0.03618352899997035,0.047955295000065234,0
https://www.arcelikglobal.com/en/company/about-us/management-team/umut-nazif-celik/,HTML,200,1.736529785000016,1.0053719590000014,0.6006530489999591,0.045271903000013936,0.035804454000015085,0.04942842000002656,0
https://www.arcelikglobal.com/en/company/about-us/management-team/fikri-ozdemir/,HTML,200,1.7376555169999506,1.0095629150000036,0.6011414959999684,0.04247206100001222,0.04024597399995855,0.04423307100000784,0
https://www.arcelikglobal.com/en/company/about-us/management-team/alp-karahasanoglu/,HTML,200,1.7336799210000322,1.0102337270000135,0.6006558359999872,0.042364217999988796,0.03618889099999478,0.044237249000047996,0
https://www.arcelikglobal.com/en/company/about-us/management-team/zafer-ustuner/,HTML,200,1.7351407080000172,1.0123841870000092,0.6007037580000087,0.042786909999961154,0.03558338700003105,0.043682466000007025,0
https://www.arcelikglobal.com/en/company/about-us/management-team/fatih-ozkadi/,HTML,200,1.7403541740000037,1.0155340199999614,0.6004950009999561,0.04282397999998011,0.037437198000020544,0.04406397500008552,0
https://www.arcelikglobal.com/en/company/about-us/management-team/ragip-balcioglu/,HTML,200,1.7434862249999696,1.0181884790000026,0.6005233049999674,0.042702598999994734,0.03918958100001646,0.042882260999988375,0
https://www.arcelikglobal.com/en/company/about-us/management-team/akin-garzanli/,HTML,200,1.7351429670000016,1.007265894999989,0.6008869219999724,0.04496389700000236,0.03743126300003041,0.04459499000000733,0
https://www.arcelikglobal.com/en/company/about-us/management-team/cem-kural/,HTML,200,1.7398717460000057,1.013574200999983,0.601526425999964,0.04355855500000416,0.036565491999965616,0.04464707200008888,0
https://www.arcelikglobal.com/en/company/about-us/management-team/nihat-bayiz/,HTML,200,1.778798371999983,1.0537473449999766,0.6009863410000094,0.044795873999987634,0.036020731999997224,0.043248080000012123,0
https://www.arcelikglobal.com/en/company/about-us/management-team/baris-alparslan/,HTML,200,1.8487477830000216,1.1239563679999947,0.600679576999994,0.04598354600000221,0.03427190499996868,0.043856387000062114,0
https://www.arcelikglobal.com/en/company/about-us/management-team/can-dincer/,HTML,200,1.7798869669999817,1.0523367419999659,0.6011531039999909,0.0427747090000139,0.03810045800003081,0.04552195399998027,0
https://www.arcelikglobal.com/en/company/about-us/board-of-directors/m-tankut-turnaoglu/,HTML,200,1.8602112600000282,1.1336703830000374,0.6009712619999732,0.04236645899999303,0.03621979100000772,0.046983365000016875,0
https://www.arcelikglobal.com/en/company/about-us/board-of-directors/filiz-bortucen/,HTML,200,1.74700859699999,1.0209313930000121,0.6006957970000144,0.04259914299996126,0.03455189200002451,0.048230371999977706,0
https://www.arcelikglobal.com/en/company/about-us/board-of-directors/ayse-canan-ediboglu/,HTML,200,1.734277077999991,1.0082070010000166,0.6014401560000238,0.04309475799999518,0.03859767900001998,0.042937483999935466,0
https://www.arcelikglobal.com/en/company/about-us/board-of-directors/galya-frayman-molinas/,HTML,200,1.7655714150000108,1.0404789279999704,0.6000307740000039,0.042618586000003233,0.035244040000009136,0.047199087000024065,0
https://www.arcelikglobal.com/en/company/about-us/board-of-directors/can-dincer/,HTML,200,1.7457758749999925,1.0202531340000291,0.6012038429999507,0.04236511800002063,0.03599422499996763,0.045959555000024466,0
https://www.arcelikglobal.com/en/company/about-us/board-of-directors/polat-sen/,HTML,200,1.741009011000017,1.0165056330000084,0.600179412999978,0.04015777600000092,0.03682714400002851,0.04733904500000108,0
https://www.arcelikglobal.com/en/company/about-us/board-of-directors/robert-sonman/,HTML,200,1.7243689140000242,1.0038425910000228,0.6016610190000051,0.041444596000019374,0.03595942500004412,0.04146128299993279,0
https://www.arcelikglobal.com/en/company/about-us/board-of-directors/levent-cakiroglu/,HTML,200,1.7309160909999832,1.007670733999987,0.6012052210000434,0.041126729000040996,0.035080751000009514,0.04583265599990227,0
https://www.arcelikglobal.com/en/company/about-us/board-of-directors/ali-y-koc/,HTML,200,1.742775284000004,1.0149159729999724,0.600927065999997,0.04322881600000983,0.037849257000004854,0.045854172000019844,0
https://www.arcelikglobal.com/en/company/about-us/board-of-directors/semahat-s-arsel/,HTML,200,1.7280486349999933,1.004359614000009,0.6012234550000244,0.04449727799999437,0.03538270100000318,0.04258558699996229,0
https://www.arcelikglobal.com/en/company/about-us/board-of-directors/omer-m-koc/,HTML,200,1.729034014999968,1.0053114309999955,0.6012798159999875,0.04112311699998372,0.036088761000030445,0.045230889999970714,0
https://www.arcelikglobal.com/en/company/about-us/board-of-directors/rahmi-m-koc/,HTML,200,1.7297507620000374,1.0051481840000065,0.6007440539999607,0.041582880000021305,0.03612289500000543,0.046152749000043514,0
https://www.arcelikglobal.com/en/company/about-us/overview/,PDF,200,1.6202666760000284,0.8930486940000151,0.6011033879999559,0.046120553999969616,0.03343884900004923,0.046555191000038576,0
TOTAL,,,340.513,196.953,117.855,8.534,7.740,9.430,
